Company ID,Sector,Location,2019*,2018,2017,2016,2015
0012-6735-4220-33,I,6530,0,511264,532739,543480,551692
0015-0618-8601-80,I,8696,466571,582882,526736,537356,545476
0018-5122-9125-59,I,2682,116111,99157,110109,112329,114026
0019-9918-1580-50,I,2121,9597,10250,11451,11682,11858
0021-2508-2259-91,I,4651,16399,18027,19387,19778,20077
0021-5825-1262-77,I,5219,10116,10507,11570,0,11982
0021-9255-0060-00,I,2603,940,1017,1566,1598,1622
0023-3706-5970-00,I,8672,9674,10061,10759,10976,11142
0023-6030-6850-00,I,6474,0,0,0,0,0
0024-7657-1790-00,I,6479,0,0,0,0,0
0025-0403-0964-25,I,7175,16466,18604,16999,17342,17604
0026-4494-1440-00,I,6629,17241,15778,13667,13943,14153
0028-1861-7640-00,I,9550,276466,278631,0,326862,0
0028-3996-0069-66,I,3316,13058,14232,0,14212,14427
0028-6459-5430-00,I,7322,9822,10086,0,10237,10392
0029-4257-7423-33,E,2651,0,0,0,0,0
0029-9395-5952-85,I,8294,33085,32307,26900,27442,27857
0030-1695-7440-00,I,3614,9708,10024,10725,10941,11107
0030-4721-4380-00,I,8177,0,0,0,0,0
0031-4141-3890-00,I,8620,11724,19524,32463,33118,33618
0032-5177-9600-00,I,2622,11726,11433,12049,12292,12478
0048-7178-3199-42,W,2285,208755,194553,225787,229434,232971
0064-8976-1340-34,E,3268,0,0,0,0,0
0065-9225-6257-19,I,1546,6128,7050,8389,8558,8687
0070-4725-2916-23,I,3564,4660,4864,0,0,0
0076-2553-3170-95,E,6496,14471,9601,5454,5542,5694
0095-3674-5426-90,T,3254,243909,10042,0,1159406,1143858
0118-0698-0401-07,I,3262,0,0,0,404041,0
0119-0445-5599-32,I,2855,182887,205357,182791,186476,189294
0119-5694-2895-37,I,2692,0,0,0,0,0
0122-6787-0788-46,I,2122,7054,6839,0,7911,8031
0122-7664-1040-00,I,2210,6469,6089,7143,7287,7397
0123-8674-9690-00,I,2834,0,0,0,0,0
0125-1260-3424-69,I,2549,5095,0,5565,5677,5763
0126-8612-7280-00,I,2696,1020256,1007244,1260926,1286348,1305786
0127-4809-3610-00,I,3377,6399,7139,7556,7708,7825
0131-8341-9740-00,I,2240,6484,6777,6829,6967,7072
0132-3430-9240-00,I,8116,0,0,0,0,0
0133-1571-2260-00,I,7341,0,0,0,0,0
0133-2354-8330-00,I,2873,13000,11140,11247,11474,11647
0149-8885-3727-77,W,2647,0,0,0,0,0
0164-6095-2546-53,I,2553,3674,2918,5362,5470,5553
0173-4444-0961-98,I,3638,0,0,0,0,0
0176-3525-1407-73,E,6459,62584,44360,46890,47643,48950
0204-4046-6250-39,O,2231,53672,36371,25864,26282,26687
0216-1334-8753-02,O,6474,7406,0,0,0,0
0217-4415-4366-82,I,6607,9296,445,3666,3740,3796
0218-8584-9863-60,I,2245,0,0,0,0,0
0220-0640-6362-07,I,2207,5498,7062,9617,9811,9959
0221-8547-4900-00,I,2883,5674,6472,6360,6488,0
0222-7847-8900-00,I,3370,0,103311,110153,112374,0
0224-0824-4607-72,I,2505,3931,4570,0,4744,0
0225-1414-5287-12,I,3393,290077,289147,302009,308098,312754
0225-9106-7880-00,I,7369,252947,0,0,260746,264686
0230-5725-9243-76,I,6408,6334,6371,6311,6438,0
0233-3791-5950-00,I,3155,154374,0,169834,173258,175876
0243-8903-2300-00,W,7303,177438,205174,0,198576,201637
0318-6046-8176-96,I,1518,22137,46162,58907,60095,61003
0319-9658-1580-00,I,8343,6891,7552,7262,7408,7520
0321-1275-1022-85,I,6422,5816,11995,13030,13293,13494
0321-1638-3980-00,I,2177,4823,5805,0,6324,6420
0322-8375-5600-00,I,5516,0,0,0,0,0
0323-0597-8750-00,I,3657,42812,47808,69943,71353,72431
0324-0033-6580-00,I,8611,17153,16842,14184,14470,14689
0326-5425-9570-00,I,4245,53279,67253,69843,71251,72328
0327-7789-9214-46,I,8694,2774,5145,0,0,0
0327-9834-0520-00,I,1502,0,0,4101,4184,4247
0328-3316-6578-22,I,3240,0,0,0,0,0
0334-0816-2980-00,I,2164,14259,13339,10513,10725,0
0334-6880-5210-00,I,2681,6644,7160,7715,7871,7989
0346-2390-7561-68,W,2232,13531,15060,17957,18247,18528
0354-3530-0476-05,I,8291,389,7568,11106,11330,11501
0358-0943-0221-95,I,6411,6449,6809,7477,0,7743
0361-8721-0386-40,I,2149,0,0,0,0,0
0363-6840-8417-93,I,3379,8081,15869,15687,16003,16245
0364-5592-0613-29,E,6491,0,0,0,0,0
0385-4122-7484-39,E,7317,0,40268,36173,36754,37762
0418-8676-2640-80,I,3554,0,5021,5604,5717,5803
0419-6837-8895-76,I,5682,11250,12894,13137,13402,13604
0421-5538-3492-41,I,2130,35017,0,25919,26442,26841
0422-3033-6313-56,I,1657,379,0,3251,0,3367
0423-9377-5180-00,I,6472,10782,0,13901,14181,14396
0426-1484-2460-00,I,2595,2258,4210,7482,7633,7748
0426-3202-6510-00,I,3544,23917,26546,26655,27192,27603
0427-7469-2705-90,I,2202,0,0,0,0,0
0428-3499-6363-04,I,8675,0,30334,30504,31119,31589
0429-8244-7365-71,I,5689,9171,8905,9788,9985,10136
0430-1644-9903-96,I,3356,25428,0,30779,31400,31874
0431-3759-9550-00,I,1643,11946,8226,12043,0,12471
0433-8373-8192-58,I,9549,7702,6353,6548,6680,6781
0434-1549-4960-00,I,6401,8024,7141,4898,4997,5072
0436-0863-7100-00,E,2565,62691,0,46925,47678,48987
0447-4972-3840-00,W,2560,20971,24976,27600,28046,28478
0452-7785-6370-00,T,2598,3957849,3971704,3702712,3655360,3606340
0460-2603-3404-64,I,2523,6180,7430,4571,4663,4734
0465-5505-3987-02,I,7308,0,0,0,0,0
0465-8024-0811-13,I,3372,0,0,0,0,0
0475-6464-5208-04,E,3209,0,0,0,0,0
0481-5756-9953-64,E,6424,20093,13298,18489,18786,19301
0482-0325-0042-66,E,6495,31919,18789,7522,7643,7853
0513-6450-3990-49,I,8173,0,0,105,0,0
0519-9049-2372-55,I,2120,6401,0,6568,6700,6802
0520-6039-5800-00,I,3682,5410,5200,4147,4231,4295
0524-2476-7717-30,I,5558,6580,0,5669,5783,5871
0524-6728-3439-34,I,6663,14626,17881,16504,16837,17091
0525-9307-3970-00,I,1570,15093,0,17276,17624,17891
0527-8605-8150-00,I,3509,0,0,0,0,0
0527-8622-6020-00,I,8697,0,0,0,0,0
0528-3877-5600-00,I,2543,4394,0,3523,0,3648
0528-4682-6147-86,I,8221,12436,12399,12952,13213,0
0528-9287-6010-00,I,5683,0,10570,13513,13785,13994
0529-3996-1320-00,I,5617,0,0,0,0,0
0532-5440-7980-00,I,2644,20659,50513,68175,69550,70600
0532-8286-2921-08,I,8294,17879,18371,18056,18420,18698
0533-0029-7300-00,I,2113,11381,11000,0,12469,12658
0548-5314-6613-05,I,5200,5360,5719,6459,6589,6689
0548-5314-6613-05,E,6469,0,0,0,0,0
0548-5314-6613-05,W,3262,80743,94308,95453,96995,98490
0548-5314-6613-05,O,9593,0,0,0,0,0
0548-5314-6613-05,T,8444,0,217860,222649,0,216854
0548-5314-6613-05,I,2205,0,0,27,28,28
0577-7656-9342-82,I,2534,17386,0,0,0,0
0620-8322-1624-45,I,9553,17,0,0,0,0
0622-0577-4852-20,I,2138,136601,118960,125970,128510,130452
0623-1697-1321-37,I,1550,43362,141189,150444,153477,155796
0623-4475-4407-18,I,2538,7384,6823,5666,5780,5868
0624-0674-9330-68,I,2656,224008,213658,236729,241502,245151
0625-6899-2780-00,I,6500,12994,3668,7130,7274,7384
0627-1598-8660-00,I,2106,4431,5,4678,4772,4844
0628-5156-7863-79,E,2661,24335397,30793738,38380779,3899682,40067183
0628-5766-8680-00,I,2265,20160,20896,20072,20477,20786
0629-4431-0425-81,E,6491,6061126,4901403,0,6033642,0
0629-8883-4940-00,I,8663,30220,34808,34195,34884,0
0631-2883-4700-00,I,2698,5669,5687,5820,5937,6027
0632-7530-7270-00,I,3362,0,0,0,0,0
0642-4569-5610-38,W,2270,134710,137678,155500,158012,160448
0648-9392-0871-80,W,4341,116571,113887,119223,121149,123016
0650-7353-8180-00,W,8189,377006,416675,443334,450495,457440
0662-8618-1326-74,E,6471,8346,9968,8383,8518,8751
0665-3166-4138-49,E,6458,10198,7402,5196,5279,5424
0697-8241-1434-93,T,3668,2322,3948,0,0,0
0716-7894-8704-34,I,6484,6045,9267,13060,0,13525
0720-4648-9834-30,I,3502,998,0,0,0,0
0722-5988-1920-00,I,5680,8548,9223,11901,12141,12324
0722-6001-5115-89,I,6431,21739,0,24009,24493,24863
0724-1183-8245-65,I,2259,3400,6288,0,5995,6086
0724-3533-9331-66,I,3572,33964,35296,47714,48676,49412
0724-8383-4520-00,I,1531,69770,79675,84157,85854,87151
0725-3716-4590-00,I,5638,10609,9348,8887,9066,9203
0725-7274-4367-79,I,6496,0,10643,11544,0,11955
0728-0220-4050-00,I,8294,9145,9270,7119,7263,7372
0728-1331-0850-00,I,5272,19750,18210,16057,0,16628
0732-0262-9220-00,I,2251,0,0,0,0,0
0732-9653-2390-00,I,1648,10915,11837,15098,15402,15635
0733-1384-4790-00,I,3689,5284,6679,6388,6517,6615
0742-6870-6230-00,W,4619,298385,352552,387786,0,400125
0743-1229-5537-14,W,2682,102165,122366,101963,103610,105207
0743-2254-0270-00,W,9644,12235,12094,74173,75371,76533
0744-0327-6670-68,W,1606,122161,147664,0,158571,161015
0764-7628-7292-74,I,3582,2247,2237,4666,4760,4832
0765-3286-9138-80,E,7396,0,0,0,0,0
0770-2448-3204-95,I,2664,10783,12504,8659,8834,8967
0773-4436-3444-83,I,3346,0,0,0,0,0
0780-8594-9205-57,E,6421,5058,0,0,0,0
0804-2381-3855-95,T,5653,129789,0,0,0,0
0816-4631-3810-14,I,1512,0,0,0,0,0
0816-8909-8108-27,I,2257,106170,108190,141485,144338,146519
0817-8386-4019-79,I,8681,13202,5625,21194,21621,21948
0820-6802-2617-03,I,7192,0,0,0,0,0
0825-1999-0690-00,I,1580,5964,0,7331,7479,7592
0826-2317-3233-28,I,3301,4706,4563,5153,5257,5336
0827-2902-2390-00,I,7356,9161,9225,9536,9728,9875
0827-7644-3440-00,I,2892,19606,20845,20645,21061,21379
0828-4553-9551-40,I,2572,17157,18262,18103,18468,18747
0829-3190-4177-35,I,8278,42553,45326,42262,43114,43766
0830-0184-8730-00,I,3610,0,0,4234,4319,4385
0830-2310-3460-00,I,3640,8869,0,9250,9436,9579
0830-4160-7175-26,I,3604,5592,0,6794,6931,7036
0841-0281-7270-00,E,6401,0,46503,76101,77322,79445
0843-5475-3510-00,W,2217,0,0,0,0,0
0844-3885-4400-00,W,8156,268487,0,250914,254967,258898
0851-7092-9500-00,T,2189,67586,68703,59683,58920,58130
0853-1280-5702-63,I,2599,5813,0,0,0,0
0859-7116-0769-25,T,8619,3476662,3595186,3316771,3274354,3230444
0863-5561-7656-88,I,3393,47385,52288,58420,59598,60498
0863-5885-9296-45,E,3246,51344,36809,24297,0,25365
0866-8646-3376-82,I,3335,16243,17539,17520,17873,18143
0869-3036-7683-47,I,2581,6550,11786,12751,13008,13205
0871-5492-7258-12,I,2561,0,3921,4793,4890,4964
0874-4203-7786-71,E,6544,0,0,0,0,0
0875-6382-0681-30,E,6412,5222,2616,2896,2942,3023
0877-2764-0502-01,I,3677,60849,26894,0,0,0
0877-4258-0550-23,E,6420,4821,4580,4131,4197,4313
0878-7188-2895-83,E,6445,39599,37018,45304,46031,47295
0885-0474-4061-83,E,6442,13842,13398,14323,14553,14952
0912-2170-8806-89,I,2665,0,29620,31597,32234,32721
0914-5378-4777-98,I,3686,0,0,20536,20950,21267
0914-8990-3217-66,I,1605,13478,10286,12977,13239,13439
0918-9834-3814-70,I,8211,14233,15633,16353,16683,16935
0921-7369-8881-11,I,2224,27277,27187,23233,23701,24060
0922-3952-6240-00,I,6479,0,0,0,0,0
0922-5542-5590-00,I,1528,0,34204,38224,38995,0
0922-9073-0097-99,E,6418,416145,241631,178392,0,186230
0922-9151-9472-62,I,2245,113489,190477,183958,187667,190503
0925-3732-7600-10,I,5363,124964,128517,0,152361,154663
0927-0356-7910-00,I,2202,259199,59240,48005,48973,49713
0927-9036-8969-98,I,6626,4952,5484,6201,6326,6422
0929-0254-4148-05,I,2554,8558,8209,9615,9809,9957
0929-0675-9600-00,I,2239,12887,13383,13400,13670,13877
0930-2636-6431-73,I,6424,72348,76922,82569,84234,85507
0931-0304-9830-71,I,6406,70395,83924,97140,99099,100596
0934-0681-9060-00,I,6418,0,0,0,0,0
0943-7764-6373-13,W,5606,125519,128137,135156,137339,0
0945-0303-4570-00,E,3282,0,0,77789,79038,81207
0946-7562-3550-00,E,6559,0,3787,3231,3283,3373
0960-7024-0667-70,I,4609,19005,20314,21154,21581,21907
0960-9188-9721-18,I,6435,11830,11817,1943,1982,2012
0962-8185-4590-42,I,2519,3985,3525,5661,5775,0
0969-4068-4720-87,I,5638,0,0,0,0,0
0969-8847-8966-31,I,2267,4601,0,2501,0,2590
0973-4324-3073-88,I,6451,4569,0,0,0,0
0982-4296-8136-02,E,6403,25878,20139,25305,25711,26417
0999-4391-9535-09,T,6485,440336,0,0,0,0
1010-9140-0919-33,I,3307,39842,39760,44568,45467,46154
1013-2870-6748-49,I,3682,1424115,1527986,1303745,1330031,1350129
1022-8123-5780-65,I,3267,679,38394,210169,214406,217646
1024-3729-3060-00,I,2290,0,0,0,0,0
1025-2224-9570-61,I,5698,14779,14558,12788,13046,13243
1030-1298-5020-00,I,6442,720276,755118,832333,849114,0
1031-8128-5540-00,I,2646,3831,3980,3679,3753,3810
1032-0086-0610-00,I,3385,8908,11365,9808,10006,10157
1032-3711-4070-24,I,2696,5702,5383,5788,5905,5994
1045-1311-3610-00,E,7110,154411,138605,0,115682,118858
1047-0744-1922-97,W,6656,603923,599017,662977,673686,684072
1047-5066-2530-00,W,3112,244930,270384,490746,498673,506361
1058-4723-3960-00,T,2667,0,0,0,0,0
1063-0349-6531-69,I,7363,4109,2957,2277,2323,2358
1064-3511-0310-98,I,3618,1444,684,1876,1914,1943
1078-5063-5509-12,E,6486,26751,26820,25479,25888,26599
1083-1346-8369-71,W,2176,360974,364419,530092,538655,0
1117-6916-4039-97,I,1518,0,0,0,0,0
1119-6808-4318-31,I,9594,985778,1290444,0,1890695,1919265
1120-7310-7301-58,I,2564,0,13319,13632,0,14117
1122-3377-1467-87,I,2652,119329,141371,141392,0,146422
1123-7315-2890-00,I,5632,101065,117805,115134,117455,119230
1125-2339-9920-00,I,6466,401912,379395,392629,400545,406598
1126-1986-9942-37,I,2690,27671,32878,45575,46494,47196
1126-8366-6890-00,I,5687,27810,33848,35391,36105,36650
1128-5047-4840-00,I,3324,2000,0,2133,2176,2209
1128-5408-1670-00,I,2667,8568,0,8696,8871,9005
1128-8961-4676-40,I,6422,0,20910,19242,19630,19927
1128-8961-4676-40,I,2103,0,123249,116572,118922,120719
1140-1332-1000-00,E,2192,3933573,5499685,5853262,5947212,6110447
1143-1029-8807-86,W,2202,230227,222781,210805,0,217512
1145-6508-0060-00,E,6669,0,0,0,0,0
1157-0741-1740-00,T,5207,7093807,0,6317244,6236455,6152823
1160-6036-7540-03,I,6424,10599,9445,5255,5361,5442
1169-1030-3960-44,E,6484,0,0,0,0,0
1174-8083-9611-75,W,3585,0,85063,66716,67794,68839
1175-1940-9172-18,E,7307,0,0,0,0,0
1176-8673-8458-12,I,6409,25103,0,0,0,0
1177-3790-1215-46,E,6400,23491,23298,28360,28815,29606
1214-4992-0758-19,I,2617,1447,0,143892,146793,149011
1218-1911-5648-80,I,2535,0,9627,17520,17873,18143
1222-2375-1502-70,I,2660,3125,3616,4088,4170,4233
1222-4942-7766-78,I,1568,4109,4720,5398,0,5590
1222-6199-2498-86,E,2817,542550,481592,673866,684682,703475
1223-5903-6406-99,I,3251,39321,44407,47765,48728,49464
1223-8795-2454-91,E,2843,355932,400828,0,138292,142087
1225-4325-0050-45,I,2151,10725,12376,13778,14056,14268
1225-7567-3839-44,I,2293,0,0,1913,1952,1981
1226-3939-2685-72,I,2202,35269,34192,31498,32133,0
1228-5192-7770-00,I,8383,14168,0,0,21742,22070
1229-3414-1010-00,I,2610,10211,7227,7134,7278,7388
1229-5570-2265-44,I,3368,13315,12153,14465,14757,14980
1232-0335-0850-00,I,4614,3123,4192,2382,2430,2467
1234-6004-1736-12,W,5610,323331,0,418477,425237,431792
1241-5819-2230-00,W,7379,0,84901,82491,83824,85116
1251-5024-7750-00,W,2174,342939,387133,357735,363514,369117
1252-2716-0887-79,I,2651,6087,0,5091,5194,5272
1265-0879-6147-14,I,3643,5548,8572,8951,9131,9269
1275-7293-2861-83,E,6438,67419,0,27995,0,29225
1283-3959-9480-68,W,3645,0,130826,118223,120133,121985
1299-6650-5619-79,O,9522,0,0,26826,27259,27680
1317-3726-1668-40,I,2836,15592,16238,18294,18663,18945
1318-0330-0866-26,I,2286,230915,225456,240826,245681,249394
1318-5316-9002-86,I,2630,65100,155662,26784,27324,27737
1321-2125-5745-82,E,5619,0,0,35148,35712,36692
1324-1477-3330-00,I,8649,0,0,0,0,0
1324-8124-2435-70,E,6412,0,24222820,28479163,28936276,29730502
1325-4972-4080-00,I,5218,52520,32465,38194,38964,39553
1326-0283-6850-00,I,2648,41050,53648,61097,62329,63271
1326-4512-8226-44,I,2511,11618,0,17151,17497,17761
1329-1716-4950-00,I,3686,48943,58530,60385,61602,0
1329-9383-9824-21,E,2214,0,0,0,0,0
1330-0678-1987-10,I,6438,82285,74458,92685,94554,95982
1331-8084-6226-64,I,2208,0,0,3266,3332,3382
1332-5390-5755-91,E,3394,30113919,30988766,25826426,26240961,26961207
1344-7117-6890-00,E,6415,12034,7450,19119,19426,19959
1354-9730-1841-12,I,2187,6826,0,8135,8299,8424
1359-0018-4200-31,I,3262,0,0,0,0,0
1365-3718-9193-20,I,3699,0,0,3268,3334,3384
1365-5213-6497-07,I,7390,0,0,0,0,0
1367-2681-5831-84,I,2587,4303,3812,6746,6882,6986
1401-4936-6785-78,O,2823,33464,52964,0,56803,57679
1403-6062-1141-27,O,2835,0,0,0,0,0
1414-3916-6464-61,I,8266,519150,552343,584753,596543,605557
1419-5701-5482-13,I,9557,0,0,0,0,0
1425-5100-8660-00,I,3686,93283,104520,106848,109002,0
1426-3133-2562-99,E,3604,4117874,2398265,3544801,3601698,3700555
1426-4909-5683-63,I,2297,12453,10074,12836,13095,13293
1428-0509-9760-00,I,2657,6999,7366,7895,8054,8176
1428-2297-3013-54,I,2286,1446,1989,354,361,367
1430-4392-9951-49,E,6419,19602195,19126026,18937254,19241212,19769333
1432-1015-9040-00,I,2204,20962,23948,22911,23373,23726
1434-3351-8600-00,E,2244,56721,61908,25963,26380,27104
1434-9641-3830-00,E,3512,201119,0,79035,80304,82508
1437-9008-9910-00,E,7392,58806,45347,39608,40244,41348
1440-7342-9410-00,W,2252,307651,445293,417377,424119,430657
1441-2069-2500-00,E,2243,6855,0,0,5348,5495
1441-6536-6610-00,E,7346,9937,7942,5834,5928,6090
1444-7228-4651-66,W,7368,168224,178775,170208,172957,175624
1447-2894-3710-00,E,7343,0,0,0,0,0
1447-6679-9120-00,W,5309,0,0,0,0,0
1451-5709-5340-00,T,3614,933125,853221,804869,0,783920
1452-0568-2650-00,W,2271,0,0,0,0,0
1469-9766-8520-56,I,6446,0,0,0,0,0
1477-0410-9843-59,I,6409,307494,227795,0,0,0
1479-3173-4830-30,E,4697,26355,23591,0,27144,27889
1501-2883-8246-68,O,2212,710828,999738,897082,911573,925625
1515-0581-4782-54,I,2631,6367,6229,6245,6371,6467
1517-6326-5785-21,I,1649,51609,37448,43272,44144,0
1521-4335-5912-49,I,2624,0,0,0,0,0
1521-6188-8010-00,I,3665,14113,15610,0,15956,16197
1523-4880-4850-00,I,2685,3784,7437,10915,11135,11303
1524-5353-8300-00,I,4668,0,0,0,0,0
1524-6427-9390-00,I,5650,84379,99213,101931,103986,105557
1524-9650-2660-00,I,8366,32615,37510,37782,38544,39126
1531-8380-5030-00,I,4627,93239,0,95415,97339,98810
1535-6286-6580-00,I,5200,7466,8859,8541,8713,8845
1543-0942-7860-00,E,7340,0,84,107,109,112
1549-5065-2740-00,W,8603,175980,216700,195672,198833,201898
1551-9355-2712-21,I,6480,14528,14075,13826,14105,14318
1561-2704-8239-88,I,2151,0,0,0,0,0
1563-5088-9110-36,I,8413,327,1622,11030,11252,11422
1566-4708-3657-50,I,3331,0,0,0,0,0
1567-3630-8342-51,I,3689,0,0,0,0,0
1575-0697-1009-59,I,6428,10682,10394,0,0,0
1577-9928-2443-28,E,1539,4760,5252,7485,7605,7814
1616-8271-5941-79,I,1545,1021977,977494,1159451,1182828,1200701
1624-5511-3110-55,E,5619,348185,95112,219407,222929,229047
1624-6852-4069-27,I,3651,7182,5980,4871,0,5044
1625-7289-5830-00,I,8200,14089,14772,14430,14721,14943
1626-3585-0400-00,I,1502,0,297692,0,0,0
1627-5067-2680-00,I,2822,8610,9344,10027,10229,10384
1627-5650-4950-19,I,6482,0,0,0,0,0
1630-0174-9630-00,I,2634,9109,9786,8816,8994,9130
1632-5140-4100-00,I,3228,8303,7566,10551,10764,10926
1644-8763-1257-24,T,2652,2867907,2933113,3074689,0,2994663
1650-4975-3194-86,W,3678,0,0,0,0,0
1660-0677-3445-44,I,8180,0,0,0,0,0
1669-0329-9397-84,I,2845,6690,7476,0,0,0
1698-5842-9754-56,T,7363,164161,43312,0,126916,125214
1719-1517-9042-25,I,2243,0,18589,20273,20682,20994
1719-7275-3447-49,I,4244,13374,7466,24208,24696,25069
1720-9598-4151-64,E,1606,6958517,7658365,8384792,8519375,0
1722-0360-8753-82,I,2502,7364,5022,7156,7300,0
1722-3279-2758-96,I,3626,12860,9768,10500,0,10874
1726-2167-9762-02,I,6461,22940,15200,22212,22660,23002
1726-9425-2954-94,I,6468,12366,9575,8050,0,8336
1727-1530-6910-00,I,2651,12068,12256,0,13894,14104
1727-7915-1100-00,I,2818,9950,13615,15861,16181,16425
1728-1264-9160-00,I,9564,21301,21806,22957,23420,23774
1760-0761-9370-00,T,9520,9866134,9364834,8891845,0,8660414
1762-4081-1593-20,I,6477,0,0,6668,6802,6905
1763-3131-1970-33,I,6443,0,0,0,0,0
1766-0334-8609-59,I,6442,0,4262,4242,4328,4393
1772-3176-2992-28,I,8157,0,0,0,0,0
1777-0574-4816-08,I,6434,122575,0,0,0,0
1784-5051-5605-57,W,3243,144838,0,124613,126626,128578
1814-1447-3139-85,I,8209,1545416,1104204,1141999,1165024,0
1817-3416-5252-29,I,2869,288925,235967,278972,284597,288897
1819-9131-9252-88,I,1598,3140,3388,1760,1795,1823
1820-2412-1070-00,I,9583,7120,7031,10407,10617,10777
1820-4888-3890-00,I,6433,0,0,0,0,0
1820-9794-5200-00,I,2289,14676,13367,14532,14825,15049
1823-5315-8117-39,E,2259,0,0,10000,0,0
1823-5387-4280-00,I,2158,0,5523,50019,51027,51799
1824-0039-9820-62,I,3669,4606,5554,8322,8490,8618
1824-6723-0817-76,I,6449,7672,7621,7290,7437,7549
1824-9625-2108-86,I,3613,6348,4746,5777,5893,5983
1825-3233-9697-89,I,3623,13909,15889,16797,17136,17395
1825-5992-7413-24,E,2629,38317850,38477800,39172096,39800840,40893269
1825-6154-1243-56,I,2836,5967,7107,8685,8860,8994
1825-6419-6102-94,E,2207,0,0,0,0,0
1826-1983-2730-00,I,2553,0,0,0,0,0
1834-5990-2100-00,I,2299,10017,7995,9053,9236,0
1834-6672-0320-00,I,8150,0,0,0,0,0
1842-4966-3067-58,W,1577,386272,310804,362525,0,374060
1857-5703-6360-00,T,4667,0,0,0,0,0
1865-2765-4296-14,I,3107,23745,23106,25852,26373,0
1869-9115-6936-02,I,2293,0,0,2475,2525,2563
1870-9369-3665-54,E,7378,14751,17720,14684,14920,15329
1875-4582-2333-23,I,6487,5186,0,0,0,0
1914-1903-8831-63,I,6663,95266,75148,80296,81915,0
1918-0101-3789-96,I,5363,0,0,0,0,0
1922-2920-0290-00,I,2593,27302,22693,19460,19852,20152
1923-9407-2700-37,I,2287,10581,0,12691,12947,13143
1924-9332-2637-21,I,6474,0,0,0,0,0
1925-4315-9923-17,I,3638,0,0,0,0,0
1926-2476-5292-66,I,2295,2525,10508,12697,12953,13149
1929-9753-0420-00,I,1569,1427391,1416030,1442748,1471836,1494077
1955-6091-0016-70,I,2696,8892,5677,10161,10366,0
1959-9251-6827-21,I,8335,4288,0,0,4452,4519
1968-1292-5749-62,I,2501,31969,27424,0,27097,27506
1975-7523-0214-53,E,7301,5682,2694,3387,3441,3536
1982-1807-0330-76,E,6489,40249,70043,77422,78665,0
1982-7264-3986-40,E,6479,12808,0,10384,10551,10840
1985-6309-5008-35,E,7309,28554,25901,18167,18459,18965
1995-5719-6448-84,T,6413,363,0,0,0,0
2017-2784-2362-46,I,1638,15050,7694,16610,16945,17201
2020-3588-4944-65,I,2624,11865,12399,14112,14397,14614
2020-5854-8030-00,I,3674,4914,0,5083,5185,5264
2020-5854-8030-00,I,2687,0,0,0,0,0
2022-8559-8828-04,I,2144,10548,10467,7856,8014,8135
2024-0133-4610-00,I,2198,0,0,8179,8344,8470
2025-0300-3864-18,I,7348,139223,160424,180080,183711,186487
2025-8589-0160-00,I,6611,11225,0,3458,3528,3581
2026-9529-0940-48,I,5611,10116,10047,9690,9885,10035
2027-4758-7096-49,I,2294,34885,36647,38582,39360,39955
2027-7944-3501-53,E,4674,896703,746813,1798409,1827275,0
2029-8829-5423-53,E,2173,0,0,0,56306,57852
2034-4162-0485-38,E,2201,0,0,0,0,0
2036-3356-2787-29,W,2654,452979,453958,466450,473985,481291
2041-4136-0988-99,W,5344,79969,81030,114489,116338,118132
2043-8450-6960-00,E,6409,0,0,0,0,0
2049-9647-4099-54,W,2812,85897,97931,153185,155659,158059
2053-5287-6250-00,T,2273,62905,60959,60956,60176,59369
2055-2473-6662-75,I,2565,4600,3694,3602,3675,3730
2064-6492-0145-91,I,7387,5541,3850,3772,3848,3906
2065-6053-6655-34,I,5611,383,499,1242,1267,1286
2066-8388-4117-47,I,2551,686,747,964,983,998
2071-9461-0077-28,I,2886,577578,580038,429819,438485,445111
2075-8790-8327-67,I,9551,11541,0,0,0,0
2084-6184-7621-64,E,3228,65233,26620,27180,27616,28374
2103-4952-9075-74,T,6482,282993,305457,303640,299757,295737
2117-3453-9071-55,I,3219,21542,17619,6441,6571,6670
2119-3324-5820-04,I,2174,0,7898,11800,12038,12220
2119-6201-0039-39,I,1686,1919,1831,2894,2952,2997
2120-5165-7991-08,I,7108,18926,23541,19889,20290,20597
2122-2247-8216-35,I,2299,0,35485,36079,36806,37363
2125-3841-8207-23,I,6497,7268,7467,0,9330,0
2126-1235-2700-00,I,2179,64637,0,108511,110699,0
2126-2894-6279-70,I,2527,126411,140811,163455,166751,169270
2129-6974-2309-39,I,2598,27740,0,24647,25144,25524
2133-6674-0020-00,I,2130,0,0,0,0,0
2140-2656-6651-47,W,2295,1534839,1539740,1375338,1397554,1419098
2140-9189-8040-00,E,9699,7178218,0,0,7153575,0
2144-0665-0950-00,W,3350,0,0,0,0,0
2145-6306-3940-00,W,6447,351269,0,241082,244976,248753
2151-9810-6089-26,T,3690,0,0,0,0,0
2155-8412-1310-00,T,2604,1170065,1205035,1222393,0,1190577
2157-8602-6435-86,I,7375,0,0,0,0,0
2163-7093-1353-33,I,6424,0,0,0,0,0
2168-1592-8012-37,I,9549,19307,21704,0,0,0
2178-3782-3698-30,E,2615,3948,7038,4334,4404,4524
2214-0729-9174-10,I,8164,1683100,1418202,1525285,1556037,1579550
2216-6252-9032-16,I,9513,3719,6838,8932,9112,9250
2218-4341-5189-14,I,3603,725376,767482,810886,827235,0
2220-2776-3120-64,I,3537,44142,32166,0,32626,33119
2220-9563-6333-74,I,5662,2657,2557,0,3630,3685
2221-4256-9760-00,I,3649,10855,9357,10013,10215,10369
2222-9365-0489-94,I,3289,20435,20925,19318,19707,0
2223-3089-4617-81,I,2672,0,0,0,0,0
2224-3299-2978-71,I,2656,54641,47888,68251,69627,70679
2225-6817-2770-00,I,3654,7594,13158,14236,14523,14742
2227-2744-1230-00,I,8244,26850,29609,28489,29063,29503
2227-5152-2540-00,I,3684,12939,12578,14374,14664,14885
2230-1049-6602-96,I,1602,7102,9036,0,10847,11011
2230-3098-9200-00,I,7315,7732,7016,7378,7527,7640
2230-4001-0750-00,I,3312,34104,36672,43239,44111,44777
2230-4892-3770-00,I,2260,0,0,146,149,0
2232-0727-6784-29,I,2290,11316,11676,11474,11705,11882
2232-2742-1770-00,I,6459,0,0,233559,238268,241868
2233-5530-0020-18,E,9635,3373016,2308605,2737531,2781471,2857815
2243-0585-4094-01,W,2280,172976,192586,385353,391578,397614
2245-1252-0570-00,W,2100,72504,85611,94574,96102,97583
2248-7596-9320-00,W,3624,45394,60313,55888,56791,57666
2256-9892-2732-61,I,2537,7646,14112,11788,12026,12207
2258-6709-0482-85,I,2148,6735,4615,3987,4067,4129
2264-1219-2821-02,I,8167,0,0,0,0,0
2271-7896-5405-88,I,5629,4766,0,0,0,0
2272-8649-8794-44,I,2222,13316,13793,90,92,93
2302-2318-6606-49,T,6426,312485,71592,10441,10307,10169
2308-0138-9487-48,O,7337,0,0,0,0,0
2316-1235-9663-06,I,3513,0,0,0,0,0
2322-8415-6172-60,I,2565,756543,801394,721331,735874,0
2323-3881-1991-66,I,1653,2279,2165,3318,3385,3436
2325-5546-6964-64,I,3674,0,0,0,0,0
2326-6626-9649-39,I,6441,0,390,886,904,918
2326-6912-1130-00,I,8607,7010,6455,6256,6382,6479
2329-7334-0177-74,I,2570,10849,0,0,12023,0
2347-2451-2451-33,W,6409,84592,72275,44379,45096,45791
2349-9328-1120-00,T,8228,2098039,2105998,2509935,2477837,2444608
2350-5874-5750-00,W,5667,426525,572271,585708,595169,0
2363-8926-1250-08,I,6470,16113,26084,12378,12628,12818
2364-6632-9535-71,I,2875,5238,6967,0,6990,7096
2368-0347-5195-06,E,6490,214973,224732,228789,232461,238842
2380-7158-6764-76,E,6534,0,0,0,0,0
2403-8663-2778-98,T,7348,339299,0,0,0,0
2405-5079-0543-43,T,6410,0,82,552,545,538
2424-6229-1306-72,I,2202,335066,368861,427395,436012,442601
2427-2411-8666-90,I,4316,6447,6140,8867,9046,9182
2427-3091-4582-98,I,2592,10415,11970,12016,12258,12443
2428-0623-5930-00,I,3680,17561,21149,16491,16823,17078
2429-2567-2500-00,I,2624,44795,39858,42578,43436,44093
2429-7776-7351-06,I,8181,6247,6809,7307,7454,7567
2429-8962-5100-00,I,3675,8070,0,0,0,0
2429-9864-7010-00,I,3877,19966,0,21019,21443,21767
2430-4726-5898-82,I,8605,0,0,0,0,0
2439-9367-6920-00,E,6447,0,0,0,0,0
2442-6790-6160-00,E,7372,27419,21132,20820,21154,21735
2444-1214-6133-21,W,2516,311877,212411,263494,267750,271878
2445-4439-8070-00,W,3653,0,0,0,0,0
2446-7582-1150-00,E,6445,0,7864,7358,7476,7681
2449-0937-9375-60,W,2243,339548,439319,416591,423320,429846
2457-4313-6964-45,I,2538,14410,10528,3202,0,3316
2457-4313-6964-45,I,3629,18257,15650,13136,13401,13603
2457-4313-6964-45,O,1517,15781,36845,45499,46234,46947
2457-4313-6964-45,O,1517,15781,36845,45499,46234,46947
2471-1745-7305-72,I,3694,38744,0,0,0,0
2472-6527-2600-93,I,8412,5535,6877,0,0,0
2474-6030-4103-87,E,6459,39288,39315,28069,28520,29302
2500-1673-1345-91,T,6425,4376667,327065,599273,591609,583676
2513-9129-7481-93,I,5663,79314,94437,92206,94065,95486
2518-1619-2832-21,I,2172,5632,5610,7165,0,7420
2520-9156-1208-73,I,7301,153137,0,193146,197040,200018
2521-2703-6120-00,I,2211,56647,51753,0,0,35864
2521-8978-6470-15,I,2680,1851718,1825735,2041889,2083057,2114534
2523-3096-9140-00,I,8210,0,0,0,0,0
2523-8876-5330-00,I,5225,50422,52289,57950,0,60012
2525-5924-9840-00,I,2600,0,0,0,0,0
2526-6980-3000-00,I,2846,10188,10438,10532,10744,10907
2527-0897-0475-29,I,2584,3939,3865,3580,0,3707
2527-6806-3760-00,I,3352,36323,28496,32504,33159,33660
2528-2273-7870-00,I,6590,98341,103624,94151,96049,0
2528-5527-7180-00,I,2642,10245,9902,9114,9298,9438
2528-7356-7790-00,I,1580,6871,7120,7150,7294,7404
2531-4933-0984-43,I,3291,12964,10817,12071,12314,12500
2532-0659-1610-00,I,2566,734624,810711,804356,820573,832973
2544-7329-1150-00,W,1566,0,290298,320560,325738,330760
2546-9549-4600-00,W,6495,878682,980781,1024285,1040831,1056876
2553-2520-8410-00,W,6497,445154,495841,468553,476122,483461
2554-9052-4630-00,W,7375,11888,9242,5363,5450,5534
2559-9398-9796-60,I,6443,7149,9923,10379,10588,10748
2570-6524-4295-52,I,2535,3711,4117,4488,4578,4648
2604-9484-9740-96,T,6463,396289,193169,0,0,0
2618-2221-4489-55,I,4607,15179,16003,18659,19035,19323
2619-7650-0719-77,I,2207,0,0,0,0,0
2620-1264-7585-45,I,1602,6013,6077,5380,5488,5571
2620-9063-7546-06,I,1500,29316,17394,30390,31003,31471
2622-0607-4278-92,E,2271,3861225,0,4702606,4778087,4909233
2622-6416-0710-00,I,2295,2328,0,2919,2978,3023
2626-7248-9101-82,I,3617,10038,10492,0,9819,9967
2626-8206-0236-34,I,6411,9164,8647,9245,9431,9574
2628-7844-9290-00,I,5548,4406,3995,4224,4309,4374
2629-1609-3625-23,I,1512,14404,14536,16324,16653,16905
2629-6873-7599-13,E,5279,0,0,0,0,0
2629-7568-2770-00,I,2842,16862,16861,18528,18902,19187
2631-8771-8230-00,I,2209,12318,10901,11135,11360,0
2640-4225-3960-00,E,6456,42795,13225,8342,8476,8709
2642-7933-8430-00,W,3104,121398,137479,135279,137464,139583
2662-7854-2402-48,I,1632,5988,6475,6919,7058,7165
2677-2972-6496-45,I,1520,4308,0,0,0,0
2681-5541-3554-25,E,6455,10772,12840,184,187,192
2682-9315-8444-52,E,6559,63270,60197,58221,59155,60779
2688-4296-1167-24,E,6473,23337,0,0,0,0
2714-9328-3325-74,I,2899,58781,50229,69541,70943,72015
2719-1436-3047-40,I,3246,38054,0,49790,50794,51561
2719-7901-4636-04,I,9623,0,0,0,0,0
2719-8364-3834-88,I,3331,8087,7438,7125,7269,7378
2722-5257-9670-00,I,1639,14083,15460,16414,16745,16998
2726-4573-2080-00,I,6468,165984,156386,177592,0,183910
2729-1191-5062-82,I,6428,21243,22265,21624,22060,22393
2729-1312-3280-00,I,2155,16248,15986,33961,34646,35169
2729-5931-3443-90,I,8484,5512,5907,6682,0,6920
2730-0450-6720-00,I,4365,21097,21205,20566,20981,0
2738-9568-4724-91,W,6472,87576,138306,170253,173003,175670
2738-9568-4724-91,W,6472,87576,138306,170253,173003,175670
2742-9469-7555-18,T,4668,0,0,0,0,0
2744-3748-0990-00,W,2270,0,0,0,0,0
2770-6146-6861-21,E,3642,2937,4343,3057,3106,0
2779-9951-4994-75,E,6492,59796,58382,59093,60041,61689
2781-1711-1962-91,E,7360,11944,0,0,0,0
2811-0800-0846-08,I,8495,120758,127584,138289,141077,143209
2820-0920-0170-00,I,2540,11254,12398,13841,0,14333
2820-5771-4729-47,I,2894,25827,38349,0,67241,68257
2822-2540-5650-00,I,5318,6449,7122,7788,7945,8065
2825-5251-0420-00,I,2252,5212,5751,0,0,0
2826-2895-0510-12,I,6441,106899,133216,132737,135413,137459
2826-5845-9080-00,I,4699,22297,22323,22006,22450,22789
2827-9444-2289-21,E,2689,0,27141523,23452186,23828612,24482646
2828-3143-3350-00,I,5333,12573,13481,14469,14761,14984
2828-5672-9365-51,I,3388,1044,978,3160,3224,3272
2828-9370-9766-58,I,2186,54088,54704,58735,59919,60825
2830-1517-8560-00,I,2523,8673,0,0,9775,9923
2831-5552-4570-00,I,3297,309841,497024,621337,633864,643442
2843-8611-7820-81,W,2815,272515,321927,327036,332319,337442
2862-0285-5057-81,E,7367,0,0,0,0,0
2868-6318-6463-06,I,6485,0,0,0,0,0
2871-8569-5460-90,I,3304,2886,7652,0,0,0
2917-6240-1399-18,I,2294,5818,6098,4347,4435,4502
2918-7424-2069-47,I,3135,3195,3634,4829,4926,5001
2918-7844-4827-46,I,3636,5824,6708,7561,7713,7830
2921-5670-0260-00,I,8661,20078,28746,28460,29034,0
2923-8469-5130-54,I,7329,19921,11328,9602,9796,9944
2924-9667-0530-00,I,3102,15057,7402,7286,7433,7545
2927-2108-3952-08,I,2114,10402,10399,0,0,0
2932-2628-0534-86,I,8207,91426,124502,120179,122602,124455
2942-8713-4035-41,W,2895,0,0,77673,78928,80144
2965-1116-3904-79,I,3210,5385,5048,0,0,0
2968-3801-3863-37,I,2214,7159,3648,3708,3783,3840
2969-6742-2031-53,I,2519,5938,6343,0,0,0
2970-6597-7224-11,I,9584,5443,6109,5795,5912,6001
2972-8204-5042-35,I,2114,5107,0,0,0,0
2973-1412-3924-58,I,6466,4483,4334,0,0,0
2981-6678-0701-09,E,6485,0,0,683,694,0
3002-7719-6448-84,T,6445,33752,51690,0,136845,135010
3015-6630-2924-67,I,5354,0,0,0,0,0
3016-4374-3041-86,I,2160,9138,10533,11419,11649,11825
3017-5459-4117-78,I,2657,0,2090023,2127487,2170381,2203177
3022-0735-2280-00,I,3667,13398,15117,18692,19069,19357
3022-8125-7551-59,I,6466,0,0,0,0,0
3024-4938-6030-66,I,3323,166613,168367,165974,0,171879
3028-8326-1780-00,I,2183,8649,9142,9693,9888,10038
3029-2915-0860-00,I,8643,14010,15615,16252,16580,16830
3031-4871-6140-00,I,8247,19702,21588,22755,23214,23565
3034-8566-2950-00,I,8156,0,0,0,0,0
3043-2110-5723-02,W,2205,374786,472376,0,321380,326334
3044-1822-0412-13,W,2260,0,0,0,0,0
3046-1270-8140-00,W,2122,528694,558889,529967,538528,546829
3069-6995-1648-84,E,6455,87945,0,46163,46904,48191
3073-6640-7196-29,I,2608,5793,0,5240,5346,5426
3102-6241-1434-93,T,3613,22768,4167,9988,9860,9728
3111-0997-5804-41,I,3638,15708,16436,16590,16924,17180
3117-1116-9848-95,I,6577,1628,400,1192,1216,1234
3120-2602-3463-11,I,2250,45558,45823,56662,57804,58678
3128-2435-6392-34,I,1633,66243,0,60808,62034,62971
3128-8493-1770-00,I,2234,204820,203848,182686,0,189185
3129-5325-1750-00,I,3691,105894,102522,0,103107,104665
3130-9779-7150-00,I,2558,28000,30906,32111,32758,33253
3132-3323-2050-00,I,2535,20705,18863,21447,21879,0
3134-3882-5030-00,I,2631,10035,9737,8538,8710,8842
3139-8229-3480-00,E,3667,17200,0,17614,17897,18388
3153-3751-0720-00,W,6402,125985,139326,126754,128802,130787
3153-6009-9700-00,W,8374,62798,75988,87715,89132,90506
3156-3564-5818-86,I,3346,0,0,2441,2490,2528
3168-2188-9577-75,E,3240,22400,48060,12917,13124,0
3171-8279-2051-94,I,6490,8398,0,0,0,0
3219-0725-5013-34,I,2515,210806,228606,220152,224591,227984
3222-4684-3688-39,I,2695,11997,0,0,0,0
3223-1518-8470-00,I,2272,231022,212451,257012,262194,266156
3223-9644-1443-13,I,1661,54247,0,0,78841,0
3224-2662-1220-00,I,2676,80707,97504,0,105375,106967
3224-4273-7712-74,I,2693,9815,17351,9759,9956,10106
3225-6795-0030-27,I,2673,0,0,0,0,0
3226-3931-8850-00,I,2211,8389,8771,9663,9858,10007
3228-7056-4150-00,I,3382,6270,6897,7663,7817,7936
3228-8294-2162-89,I,2632,13068,13787,14596,14890,15115
3231-0066-2770-00,I,3665,3818,3753,3841,3918,3978
3232-5587-0460-00,I,3600,12985,13254,12858,13117,13315
3234-7660-4157-17,E,2283,973819,1836855,1183509,1202505,1235511
3235-9328-1600-00,I,7386,7386,8738,7869,8028,8149
3257-4003-6278-21,I,3216,54905,83858,79463,81065,82290
3259-7689-3205-57,I,2673,0,0,0,0,0
3274-8389-1373-11,I,6489,3759,5024,0,0,0
3298-4903-5523-96,O,2806,0,0,0,0,0
3305-3641-4308-50,T,4660,10717,0,0,0,0
3316-5260-1618-92,I,3603,3292,1147,2116,2159,0
3318-5293-3702-06,I,2607,0,0,0,0,0
3320-7434-8400-00,I,4203,3712,3480,0,5180,5259
3322-8166-8876-55,I,7340,0,22570,24326,24816,0
3324-8813-0284-84,I,3334,13878,0,0,0,0
3324-9826-1360-00,I,5696,7143,7288,7538,7690,7806
3326-1055-5879-61,I,6695,11971,12419,13966,14248,0
3326-5072-2110-00,I,8110,0,0,0,0,0
3326-9182-8790-00,I,3679,4145,0,4734,0,4902
3327-4509-7375-80,I,3595,5322,5428,5307,5414,5496
3328-1132-4940-00,I,2512,18867,19433,20703,21120,21440
3328-7584-7438-96,I,3681,16341,13137,12365,12614,12805
3343-5357-8060-00,E,6469,22566,36358,32865,33393,34309
3354-9866-6950-00,W,3370,0,0,88113,89536,90917
3358-7852-8178-06,I,6462,11621,16021,17670,0,18299
3373-8893-7100-47,I,8499,7827,7042,0,14999,15226
3402-8822-5365-07,T,6440,2417,319433,396075,391010,385766
3418-6086-6191-80,I,1620,6498,6668,6786,6923,7027
3420-1339-0993-55,I,3395,7402,9042,9724,9920,10070
3422-4368-1340-58,I,2297,0,0,0,0,0
3422-5669-4284-46,I,3294,2878,3835,4361,4449,4516
3424-2461-5250-00,I,3342,0,0,0,0,0
3424-4926-9300-00,I,1543,5855,6823,8031,8193,8317
3424-5177-2313-95,I,6577,11809,12091,12951,13212,13412
3427-6125-5570-00,I,5360,4882,4910,4866,4964,5039
3428-1744-1350-00,I,3372,11709,11996,12091,12335,12521
3429-2583-8978-12,E,2659,8008629,10507953,10265026,10429788,0
3431-0087-7077-28,I,8476,0,527,1391,0,1440
3435-0861-7520-00,I,8215,0,0,4531,4622,4692
3457-9848-5791-66,I,3642,3336,5610,5319,5426,5508
3467-3989-5468-32,I,4256,6412,7750,0,7365,0
3474-9615-3308-19,E,2278,2680210,1450327,1158580,1177176,1209487
3500-6381-3855-95,T,5632,473101,0,0,0,0
3512-6460-7427-89,I,3580,0,8737,8871,9050,9187
3517-6759-3751-54,I,2872,10437,10722,17862,18222,18497
3520-0966-1261-80,I,5698,0,0,0,7970,8090
3520-2482-9418-58,I,8633,2473991,2458127,2415815,2464522,2501763
3523-1722-4050-00,I,3571,16283,25965,25396,25908,26300
3523-6045-5020-00,I,2292,1738,3108,5904,6023,6114
3524-0623-8798-74,I,2202,24772,24017,20038,20442,20751
3525-5736-2550-00,I,6495,2223918,2619734,2346323,2393629,2429799
3527-2063-2920-00,I,5653,6631,6837,7955,8115,8238
3528-9263-8890-00,I,6462,0,2824,8096,8259,0
3530-7582-1030-00,I,8125,0,0,0,0,0
3531-2322-5854-87,I,3673,13339,9387,12704,12960,13156
3540-6415-1160-00,E,2622,19062,11911,16555,16821,17282
3545-4208-4431-92,W,2168,265473,153632,0,126855,128810
3550-3957-6030-00,W,6489,156878,201635,241438,245338,0
3553-2670-0380-00,W,6462,340033,327916,319311,324469,329471
3562-6576-5722-41,I,2571,20372,0,18947,19329,19621
3577-9477-9336-02,I,2518,0,5163,0,0,0
3615-2917-7350-09,I,6472,0,0,0,0,0
3621-8477-3210-00,I,6417,36615,31246,29703,30302,30760
3622-2747-0960-00,I,2872,0,0,0,0,0
3623-8844-9410-00,I,6474,671985,686290,762039,0,789150
3624-6463-3429-25,I,3371,6108,6530,7897,8056,8178
3626-8263-9130-00,I,3312,17128,15803,15249,15556,0
3626-9612-7400-00,I,3120,373604,387251,398102,406128,412265
3627-3919-0500-00,I,2587,3947,5455,3422,3491,0
3629-1053-1684-02,I,8126,0,0,0,0,0
3629-3900-2930-00,I,2111,16181,9763,14758,15056,0
3629-9361-7460-00,I,2605,282988,322200,396237,404226,410334
3630-3997-0990-00,I,7191,9936,0,10586,10799,10963
3630-7589-0040-00,I,3267,0,0,0,0,0
3631-5281-4529-91,I,2646,8006,10603,11908,12148,12332
3633-5446-6484-79,E,2276,3652975,3014536,2944854,2992121,3074247
3638-9745-1500-00,E,2691,13323535,13027941,12228829,12425111,12766149
3642-3032-3003-45,W,2250,449851,394513,476934,484638,492109
3662-5262-2506-34,E,6409,0,0,0,0,0
3664-2169-9556-11,I,2576,0,3256,11510,11742,11919
3664-5843-6723-34,I,2680,0,0,0,0,0
3669-8509-6229-99,E,3234,0,0,0,0,0
3669-8510-3342-20,I,7322,22015,0,21104,21529,21855
3679-6880-3259-35,E,3605,71802,57741,0,21464,22053
3684-9917-6764-15,E,6405,2839,4530,4345,4415,4536
3717-9367-4685-52,I,3213,0,0,0,0,0
3719-0955-1169-34,I,8215,0,31267,0,0,0
3721-1129-5057-29,I,2179,4655,5280,0,0,0
3722-8090-3697-50,I,8123,2226,3144,2373,2421,2457
3724-9303-4210-00,I,5202,0,0,0,0,0
3725-4103-5560-90,I,2197,4533,5015,5429,5538,5622
3725-5274-1943-15,I,2264,9026,0,9774,9971,10122
3725-8486-8730-05,I,4629,5634,5641,7216,7361,7473
3726-3433-6427-17,I,3315,9011,9288,18425,0,19081
3726-5546-5110-00,I,2616,526392,458312,376180,383764,389563
3727-2803-5927-14,E,8228,13595805,11236947,12622569,12825171,13177189
3728-5832-1060-00,I,8188,166352,149177,185818,189564,192429
3728-9447-6870-00,I,2254,3972,3594,0,3525,3578
3728-9705-6300-00,I,4630,6326,8795,13974,14256,0
3731-7513-9280-00,I,2828,0,0,0,0,0
3732-8133-4970-00,I,2698,9881,10673,11904,12144,12328
3740-1107-7297-02,W,6414,214533,191607,196848,200028,203111
3764-0706-2320-87,I,6449,9790,8315,7098,7241,7351
3780-4695-6785-17,E,7337,0,0,0,0,0
3818-1531-9985-35,I,6421,240453,296583,290332,296186,0
3819-0972-4768-86,I,2142,14437,14086,16573,16907,17163
3820-8088-9860-00,I,3602,4413,4537,4654,4748,4820
3822-0254-0030-00,I,5818,0,0,0,0,0
3822-4717-8196-17,I,1640,0,0,0,0,0
3823-1180-8850-00,I,1567,0,0,0,0,0
3824-3694-7125-79,I,2273,614,0,0,0,0
3825-3010-9250-00,I,1558,0,0,0,0,0
3825-5448-4025-32,I,2208,0,0,0,0,0
3825-7668-0320-00,I,9540,9756,7040,3773,3849,3907
3827-1161-1610-00,I,2837,0,0,0,0,0
3827-2174-9870-00,I,7190,0,0,0,0,0
3827-4708-5670-00,I,2625,6868,4010,8703,8878,9013
3828-0349-8661-37,I,2287,18902,17125,14240,14527,14747
3828-2523-7780-00,I,6543,0,0,0,0,0
3828-3167-0830-00,I,1550,14766,37011,32387,33040,33539
3830-4846-9110-00,I,2545,42705,4891,52257,53311,54116
3831-5650-2780-00,I,5674,11068,11676,11393,0,11798
3881-5750-6517-47,E,7306,6623,7857,12660,12863,13216
3883-3246-7758-89,E,6430,0,7157,5787,5880,6041
3911-9745-7657-73,I,4343,1054,1104,0,1560,1583
3912-1543-4308-22,I,5343,17407,16500,18163,18529,18809
3913-1693-2009-90,I,4296,16220,10160,11567,11800,11979
3914-0606-7623-87,I,5680,344825,374643,355409,362575,368053
3921-1277-9448-85,I,2265,9816,10547,11118,11342,11514
3921-6219-4524-38,I,6434,0,0,0,0,0
3921-9753-4474-90,I,2694,17162,17493,19371,0,20060
3922-3358-7490-00,I,3633,65754,74310,82934,84606,85885
3925-9364-8065-30,I,6452,6723,4460,7245,7391,7503
3926-1050-9913-08,I,6433,8212,8891,8081,8244,0
3928-4430-9120-00,I,3339,20628,21034,18745,19123,19412
3930-0427-7150-52,I,2638,57737,54236,53321,54396,0
3932-4712-5310-00,I,2661,11796,12680,13607,13881,14091
3933-0329-1270-00,I,2165,6416,5605,5843,5961,6051
3943-9819-2710-00,E,7348,0,0,4825,4902,5037
3968-5575-8753-64,I,9556,0,0,0,0,0
3973-4905-6717-16,E,6403,0,0,0,0,0
3983-3055-7991-97,E,3299,49449,48868,51479,0,53741
3984-3718-9480-07,E,6455,21001,17082,0,0,0
3996-0719-6448-84,T,6477,341501,152538,0,222255,219274
4012-7289-1965-95,I,2674,26313,36426,40621,41440,0
4019-4189-5716-52,I,2204,5371,5768,5763,5879,5968
4020-0899-0440-46,I,3601,154669,101849,153216,156305,158667
4022-0014-9403-93,I,3271,0,6788,7124,7268,7377
4024-6142-3680-00,I,8675,20581,21395,23319,23789,24149
4025-4897-7130-34,I,1534,422974,382281,404182,412331,418562
4026-7939-9340-77,I,3604,15451,16727,16175,16501,16750
4027-1881-8646-72,I,8255,3889,0,2818,2875,2918
4028-0555-4300-00,I,2541,18566,0,10290,10497,10656
4041-8174-8118-36,W,2842,141444,157760,150786,153222,0
4053-1757-9730-00,T,2105,0,0,0,0,0
4063-7004-3390-42,I,7398,3153,3735,6077,6200,6293
4082-0846-4885-32,E,6486,122065,43590,38186,38799,39864
4084-5611-1208-66,E,6425,0,0,42471,43153,44337
4111-5071-2557-46,I,8242,19554,23066,23364,23835,24195
4117-2322-8279-51,I,2230,27735,22932,26667,27205,27616
4117-7883-8611-89,I,3396,0,0,0,0,0
4119-4878-3565-66,I,3687,0,0,3822,3899,3958
4123-8633-4670-00,I,2519,198297,99817,79404,81005,82229
4124-3854-8150-00,I,5224,26571,0,32605,33262,33765
4124-7004-0000-00,I,8439,2579,0,4076,4158,4221
4125-7337-9980-00,I,7351,0,0,0,0,0
4126-0874-1829-54,E,2210,3660957,0,4911736,4990573,5127552
4126-6723-9897-45,E,2528,0,1871179,1792708,1821482,1871477
4126-8239-2220-00,I,3369,11588,11564,16097,16422,16670
4127-5276-7600-00,I,2123,61384,63960,77028,78581,79768
4128-1990-5023-43,I,2518,7304,6920,9752,9949,10099
4129-6255-5033-52,I,2566,7812,14978,13606,13880,0
4131-8866-0163-09,I,2277,3034,5141,7047,7189,7298
4131-9900-2810-00,I,2567,549402,0,623131,635694,645300
4146-3954-6180-00,W,6450,0,0,0,0,0
4163-5232-6662-14,I,2616,48,0,0,0,0
4165-5722-4170-00,O,1512,0,0,24520,24916,25300
4171-6723-8835-24,I,2592,9617,0,0,0,0
4211-3246-9755-52,I,3383,33536,36538,38409,39183,39775
4220-9420-4563-77,I,2684,8055,6935,6986,7127,7235
4222-0381-9859-04,I,2568,11276,9131,13687,13963,14174
4222-4274-6792-43,E,2218,177497,191579,214539,217983,223966
4226-3947-1927-53,I,5658,12557,10981,12298,12546,12736
4228-0729-0094-40,I,3322,16033,14239,16653,16989,17245
4228-5796-0915-74,I,5611,0,65246,65469,66789,67798
4232-1551-4780-00,I,2201,607023,706331,697958,712030,722789
4256-1143-1587-02,I,2596,4464,0,3074,3136,3183
4260-0732-3177-75,I,6486,176954,205492,223664,0,231621
4260-6859-8726-43,I,6416,0,0,0,0,0
4264-3371-5002-17,I,3650,5918,5934,0,0,0
4314-2865-1702-26,I,2175,54518,44792,86172,87909,0
4315-6589-8254-77,I,4354,467499,438210,467914,477348,484561
4317-1526-9169-54,I,3395,7476,22454,31259,31889,32371
4318-1136-3413-63,I,2639,0,0,0,0,0
4318-6928-5017-90,I,6676,10154,11380,15091,15395,15628
4319-9159-6289-79,I,4291,6177,8034,6889,7028,7134
4320-1675-3561-10,I,8277,0,101763,82481,84144,85415
4323-9076-5179-05,I,3627,20985,8327,8890,9069,9206
4327-2024-7630-00,I,8368,0,12089,13719,13996,14207
4328-4834-0760-00,I,2212,0,0,197,201,204
4329-4779-7030-00,I,5613,90076,93426,103813,105906,107506
4330-5226-3510-00,I,6483,4861,5121,11700,11936,12116
4330-8943-8652-25,I,2210,0,0,0,0,0
4341-0470-4080-00,W,5684,330703,404357,445296,452489,459464
4341-7818-2320-00,W,5360,1604,0,0,0,0
4348-6023-7106-58,W,6591,0,0,0,0,0
4360-1145-2780-22,I,2287,0,4300,4481,4571,4640
4370-3866-2162-60,I,2115,2401,7339,5508,0,0
4376-0057-2072-96,E,2228,7297,6561,7864,7990,8210
4378-2504-7161-67,I,1651,5456,0,0,0,0
4380-6622-4000-00,E,6428,144470,125648,0,0,0
4416-4232-8812-42,I,3113,87844,90417,93151,95029,96465
4422-0093-4548-15,I,3511,32688,23600,21074,21499,21824
4424-3700-6402-43,I,4679,1040,341,1421,0,0
4426-9634-4580-00,I,3636,4421,5745,5902,6021,6112
4427-2850-8390-00,I,5624,10730,0,12853,13112,13310
4429-0948-6840-00,I,3162,6200,5166,0,6621,6721
4431-0557-4000-00,I,3523,0,0,0,0,0
4433-5775-7870-00,I,2101,50004,0,56552,57692,58564
4434-5047-5200-00,I,8232,15351,17034,19442,19834,20134
4443-2130-5360-00,E,6456,120379,99591,100063,101669,104460
4448-4268-8440-00,W,3290,191450,216500,205286,208602,211818
4454-7943-7530-00,T,3619,32182645,38242274,34098467,33662396,0
4458-4562-3190-00,T,2644,0,2840027,2827372,2791214,2753783
4466-2728-8046-99,I,2649,365826,447560,177760,181344,184084
4469-3949-3801-55,I,7320,0,0,0,0,0
4479-9146-0035-86,E,5631,5291,3599,4275,4344,4463
4483-8310-9089-34,E,7362,6470,4427,5424,5511,5662
4502-5176-9817-62,O,1555,0,0,0,0,0
4516-7710-1379-00,I,8235,4446,4350,5019,5120,5198
4517-1870-0093-43,I,3587,10305,0,0,0,0
4518-5722-6587-34,I,8680,440,320,15955,16277,16523
4519-1430-8001-17,I,6496,7801,13426,19447,19839,20139
4520-1626-7843-61,I,3359,19609,20062,21977,22420,22759
4520-4442-4748-68,I,2286,2091,2127,4057,4139,4201
4521-5328-0901-09,I,1585,6958,7842,8357,8525,8654
4523-0796-7570-80,I,3284,0,0,0,0,0
4527-3657-0881-89,I,2571,39124,0,36951,37696,38266
4528-0921-0006-50,I,5367,31343,30050,28715,29294,29737
4528-3494-1320-00,I,2525,20207,20267,0,20738,21051
4532-5219-4500-00,I,1625,17746,49333,114471,0,118544
4535-2136-4700-00,I,6439,10920,11091,5601,5714,5800
4535-2861-7280-00,E,7384,0,0,0,0,0
4537-3030-1232-50,W,3644,259042,291392,297678,302487,307150
4542-5482-0338-88,W,5644,391308,399960,696644,707897,718810
4558-4732-0945-04,T,3345,1749115,1760560,1624650,1603873,1582365
4569-1568-1236-48,I,6451,0,0,0,0,0
4616-0702-8792-24,I,1622,0,4507,8431,8601,8731
4616-6728-8288-63,I,4663,16579,17817,19101,19486,19781
4619-1194-4107-69,I,5658,0,172621,223866,228380,231831
4623-5766-3913-66,I,6408,9046,5555,8978,9159,9297
4624-7673-9900-00,I,8278,32710,30428,27828,28389,28818
4624-9469-4290-00,I,2636,43232,47555,49428,50425,51187
4625-0703-0598-01,I,7160,0,69022,71205,72641,73738
4625-5621-6110-00,I,6490,0,0,0,0,0
4626-2995-1170-00,I,2580,111405,120155,106979,0,110785
4626-5772-8020-00,I,6614,9191,10994,13139,13404,13606
4627-6694-4701-14,I,5692,11711,12053,13064,13327,13529
4627-7706-5730-00,I,1675,0,0,4415,4504,4572
4628-1642-3740-00,I,4316,6768,8020,0,8810,8943
4629-2082-0970-00,I,3551,6304,6781,0,7224,7333
4629-8381-4820-00,I,3385,8673,8351,9099,9282,9423
4630-6328-1360-00,I,8232,47970,67657,55209,56322,57173
4647-9476-3900-00,E,6415,10884,9167,0,7264,7463
4648-1250-2411-94,W,2123,157572,0,125512,127539,129506
4648-1967-4650-00,W,2238,16864,21466,22244,22603,22952
4650-7521-8353-73,W,3146,220450,244850,245315,249278,253120
4670-3586-4432-77,I,6461,19014,17562,21996,22439,22779
4671-0828-1689-03,I,7318,0,0,0,0,0
4681-6308-7896-14,E,7391,31129,51314,19787,20105,20656
4686-5623-8080-99,E,6402,0,0,7,7,7
4717-2743-7692-56,I,3696,0,18496,31809,32450,32941
4718-7269-5976-62,I,3626,0,0,0,0,0
4719-0887-3692-94,I,2518,7589,7895,7858,8016,8138
4721-6510-9190-00,I,8453,9089,0,1393,1421,1443
4722-5563-2980-00,I,6422,13626,16147,0,20824,21138
4723-2604-1003-64,I,3683,15442,15177,17335,17685,17952
4726-1985-6632-26,I,8249,4666,0,0,0,0
4727-4831-9619-11,E,2186,0,0,0,0,0
4728-1927-9210-00,I,6428,3819,5016,4745,4841,4914
4728-8589-9950-00,I,8268,34284,0,39029,39816,40418
4731-8167-3106-97,I,8450,0,13115,14807,15106,15334
4732-7815-3070-00,I,2630,0,0,0,0,0
4733-0302-5635-12,I,8136,0,0,0,0,0
4741-5366-7010-00,E,7375,0,0,0,0,0
4766-3234-0743-13,I,3675,3872,2563,0,4605,4675
4770-4739-3869-56,I,8245,4772,0,0,0,0
4776-5000-8259-66,E,6422,15156,15432,10565,10735,11029
4779-4179-1297-69,E,3252,6731,4239,0,0,0
4785-8542-7635-24,E,7323,0,0,472,480,493
4786-3538-5392-28,E,2612,5560,5234,4009,4073,4185
4812-8783-8132-04,I,6403,6744,6455,6073,6195,6289
4815-8436-9702-45,I,2245,1030,1142,1857,1894,1923
4819-6922-9780-00,I,2203,6074,8247,9407,9597,9742
4821-5799-4191-03,I,3678,0,0,0,115315,117058
4822-3596-4186-47,I,3292,0,0,0,0,0
4823-4541-4343-05,I,1557,64640,61609,57842,59008,59900
4823-6946-7140-00,I,9525,5480,5273,5963,6083,6175
4824-0886-0382-83,I,7312,9849,8755,9242,9428,9571
4825-7365-6620-00,I,2692,9789,9147,15522,15835,16074
4825-8849-5643-27,E,2240,2049136,1656923,1675047,1701933,1748646
4831-1173-0290-00,I,8155,0,0,0,0,0
4835-6343-9680-00,I,8447,18774,21787,18764,19142,19432
4845-1285-8690-67,W,2139,547889,568720,394159,400526,406700
4855-7764-8980-00,T,8222,7435318,7171862,7310995,7217498,7120710
4856-5749-1020-00,T,2605,4786716,3783622,0,4887587,4822043
4861-2721-7355-18,I,2575,3934,1569,5956,0,6168
4865-1207-3060-90,I,6461,0,0,0,0,0
4867-2074-1044-83,I,2651,0,0,0,0,0
4871-4909-1991-35,E,2269,42564,33719,23503,23880,24536
4874-7540-6442-04,E,9535,12451,9208,0,11127,0
4880-0064-9590-11,E,3236,10922,12953,27650,28094,28865
4921-1879-6875-77,I,3565,4682,3867,14551,14844,15069
4925-8034-6610-00,I,3654,0,0,0,0,0
4926-5504-0420-00,I,6423,1901142,1886034,1908585,1947065,1976487
4926-8953-7859-23,I,3359,7676,10213,8198,8363,8490
4927-0340-9950-00,I,3690,1371926,1208790,1228677,1253449,0
4927-2841-9680-00,I,8340,3891,4422,4218,0,4368
4927-3406-2090-00,I,6499,213589,233316,257019,262201,266163
4928-2984-2640-00,I,6498,27736,27631,29467,30061,30515
4928-4454-7532-38,I,8134,0,0,0,0,0
4928-8096-7204-56,I,1646,4913,0,5884,6003,6093
4931-5111-7430-00,I,8229,13332,10689,9785,9982,10133
4931-8858-7576-33,I,6510,7514,7179,0,9433,9576
4942-6754-0090-00,W,8208,495627,456214,94876,96409,97895
4943-0600-8480-00,W,2874,0,463920,1273914,1294492,1314447
4944-8124-4241-48,W,2147,318053,353997,358591,364383,370001
4945-5843-9740-00,E,8140,118774,42503,36647,37235,38257
4946-3964-5280-00,E,7348,0,337,452,459,472
4949-9699-6840-00,W,2673,0,0,0,0,0
4960-6120-6004-33,I,1693,0,0,0,0,0
4961-8672-4090-27,I,2620,0,0,0,0,0
4966-9160-0845-75,I,2619,0,0,0,0,0
4967-5282-7039-26,I,7191,5450,5971,6570,6702,6804
4977-5105-8369-09,E,2602,0,16738,18080,18370,18874
4983-8297-5104-79,W,2209,105265,0,113772,115610,117392
5015-6327-2440-26,I,6488,336820,347064,361230,368513,374082
5016-2232-4582-00,I,8605,19721,9790,0,24706,25080
5019-0776-5545-28,I,3365,411073,446402,510252,520540,528405
5019-3984-8171-43,I,3570,69111,75133,96482,98427,99915
5022-7248-0640-99,I,3381,376569,1333104,2188804,2232934,2266676
5023-7357-7820-00,I,2645,34865,34689,40919,41744,42375
5026-3171-3037-30,E,6404,7908608,7270148,7794063,7919164,8136524
5028-4067-6857-54,I,3679,2911,0,275,281,285
5033-0921-0440-00,I,2616,0,4960,4745,4841,0
5034-2609-8474-51,W,2287,134417,154692,156603,159133,161586
5035-2500-0900-00,I,3636,0,10291,10669,10884,11049
5035-3443-7710-00,I,2131,9777,14396,13211,13477,13681
5054-6675-9840-00,W,5623,175675,209501,290914,0,300170
5054-8524-7930-00,W,3131,258859,290504,313243,318303,323210
5060-2303-1428-75,I,2258,4793,3689,4478,4568,4637
5066-1761-9021-95,E,6439,31499,36656,43147,43840,45043
5067-9625-9130-76,I,3201,0,0,0,0,0
5079-7181-2347-45,E,7322,493278,172871,153223,155682,159955
5081-0894-4069-25,E,7390,0,0,0,0,0
5085-2881-0371-56,E,3207,32245,0,0,0,0
5120-3864-0816-78,I,3633,0,0,617,629,639
5121-0306-5565-46,I,2136,1273741,1257532,1602875,0,1659901
5121-9454-9957-02,I,5669,10669,13880,19960,20362,20670
5122-0147-1081-45,I,2503,89735,81012,29584,30180,30637
5122-2646-3020-00,I,1591,0,5994,12003,12245,12430
5123-4546-4990-00,I,1594,31754,30961,45801,46724,0
5125-0627-2074-03,E,3113,21231570,22828980,14480814,14713243,15117083
5127-4771-7870-00,I,2212,33764,39817,33864,34547,35069
5127-6482-2760-00,I,8671,113558,126271,93500,0,96826
5128-4618-1946-74,E,2695,24944717,26741858,24898739,25298384,25992759
5132-2068-2710-00,I,3612,34875,29265,27763,28323,0
5133-0501-0690-00,I,3652,7263,7448,8245,8411,8538
5133-2691-7800-00,I,2110,9799,9895,11020,11242,11412
5136-2231-3300-00,I,9594,0,0,0,0,0
5137-8222-4350-00,I,2670,8526,7381,0,15998,16240
5147-3233-2760-00,W,1617,232669,189838,0,181545,184344
5154-4777-7450-00,T,4618,0,0,0,0,0
5164-1114-2855-03,I,6435,0,22881,19077,19462,19756
5166-4668-1847-30,I,6414,9067,9526,10680,10895,11060
5172-5385-5812-06,E,3292,0,0,0,0,0
5200-6673-8171-25,O,1574,0,0,0,0,0
5220-0951-3663-65,I,2637,14370,13463,13307,13575,13780
5220-7266-7550-62,I,3692,16551,29352,12793,13051,13248
5222-0627-8729-08,I,2616,17364,16328,15769,16087,16330
5223-9633-1350-67,I,8471,14594,14727,16461,0,17047
5224-5564-2988-80,I,8392,18258,21854,19320,19710,20007
5225-2075-6099-35,I,6472,12104,12424,5680,5795,5882
5226-2341-2764-50,I,2272,59010,64015,75402,76922,78085
5227-5934-8460-00,I,5354,15392,19720,0,19524,19819
5230-6863-4161-73,E,3607,656070,326931,575433,584669,600717
5230-9097-9290-00,I,6441,0,0,0,0,0
5231-2931-8970-00,I,2621,27688,32595,33300,33971,34485
5232-2133-4730-00,I,6681,27074,28669,31786,32427,32917
5245-6058-3490-00,W,5334,478316,495581,495485,503489,511250
5257-9775-3006-49,I,2672,0,0,0,0,0
5260-6086-7917-16,I,2203,6596,7886,7784,0,8061
5267-2926-1106-65,I,6550,0,0,5816,5933,6023
5270-4509-6086-56,E,6473,293837,105695,71497,72645,74638
5270-4737-9501-70,E,6491,0,0,0,0,0
5283-6220-7045-44,E,6479,9652,33817,0,2791,2868
5302-3952-9075-74,T,6456,554403,371423,451620,445844,439866
5306-2701-3252-55,T,1547,26443,61,328,324,319
5319-4910-8993-75,I,2214,11382,12705,12736,12993,13189
5320-2909-3877-86,I,3619,48815,23484,44620,45520,46207
5320-9396-9262-97,I,2591,20942,25476,24170,0,25030
5322-7796-3340-38,I,2234,527935,443605,509534,519807,527662
5324-7844-9170-00,I,2142,9367,8994,10308,0,10675
5325-5903-2180-00,I,2247,6822,6414,8067,8230,8354
5325-6490-6235-75,I,7394,9625,10186,9147,9331,9472
5327-8440-2358-87,I,2229,172292,0,187526,191307,194198
5327-8749-0780-00,I,6421,0,0,0,0,0
5330-7427-0495-47,I,3665,0,0,0,0,0
5332-5684-6113-03,E,1642,264279,297333,593487,603013,619564
5334-0077-1540-00,E,3614,8194575,6670445,6898737,7009467,7201859
5349-1980-1586-03,W,2655,210570,0,191418,194510,197509
5352-0899-2900-00,W,2174,558138,476773,357425,363199,368798
5356-4756-9666-77,I,8412,3247,4697,4390,4479,4546
5362-5059-3122-72,I,3294,7224,0,0,0,0
5362-8298-2073-57,I,2278,0,0,1968,2008,2038
5362-9272-1360-13,I,2607,51,0,45,46,47
5363-3980-3870-17,I,7188,2055,2197,3587,3659,3715
5369-5051-5462-14,E,6492,0,0,0,0,0
5378-5684-4137-25,E,9597,0,155,137,139,143
5380-9015-6325-20,E,6449,0,1276,3427,3482,3578
5399-4169-2587-33,T,6429,357,2890,106270,104911,103504
5413-6282-6034-25,I,3370,28910,30916,27189,27737,28156
5417-0275-7677-91,I,6424,0,0,0,0,0
5423-0490-8660-39,E,2205,0,0,0,0,0
5424-9885-1922-00,E,1544,0,0,0,0,0
5429-3543-5620-00,I,8492,5042,4176,8608,8782,8914
5429-5108-7580-00,I,1653,11633,14735,14721,15018,15245
5430-4593-9590-00,I,2260,1827,1285,1165,1188,1206
5431-4161-1490-00,I,6449,37244,46583,44019,44906,45585
5439-8977-3750-00,E,7196,0,0,0,0,0
5449-9637-3086-78,T,3643,7046595,6989467,0,6987555,6893850
5450-5779-7270-00,W,3251,344751,354324,339410,344893,350209
5451-0389-3980-00,W,8173,34582,30885,32484,33009,33518
5468-4640-7052-86,I,1697,87138,121895,154809,157930,160317
5469-5509-9880-00,O,3260,0,0,0,0,0
5470-6995-8904-49,I,9582,6294,6441,7393,7542,7656
5472-5355-2855-64,E,6474,0,0,0,0,0
5480-3808-4411-75,E,2580,3832,6341,4925,5004,0
5504-9719-6448-84,T,6400,61892,71782,81338,80298,79221
5515-5789-0753-63,I,2686,126377,136502,139696,142513,144666
5515-9999-3344-94,I,3511,228879,207210,258648,263863,267850
5521-0160-2944-85,I,6637,0,0,0,0,0
5523-6207-5820-00,I,3647,5770,5350,5234,5340,5420
5524-0995-5839-25,I,8656,31100,29026,40614,41433,42059
5525-6506-9790-00,I,2259,0,0,0,0,0
5526-3409-0240-90,I,6543,8076,9124,9954,10155,10308
5526-7666-7664-23,I,2681,10182,4524,4194,4279,4343
5528-7520-3237-84,E,2177,6900881,8157014,9672355,9827604,10097346
5530-5040-8900-32,E,6506,163715,39117,49139,49928,51298
5531-3136-4460-00,I,8693,31580,35356,37138,37887,38459
5538-7550-4750-00,E,6462,460329,304323,703304,714593,734206
5545-3960-5760-00,E,6453,110,4777,10213,10377,10662
5559-8384-8285-04,T,5654,447082,428041,458643,452778,446706
5567-5174-1799-08,I,8131,0,0,0,0,0
5597-8673-1345-91,T,6418,330937,248704,0,0,0
5613-5766-2107-88,I,2548,6532,0,7022,7164,7272
5617-1234-2122-53,I,2231,22380,24232,26903,27445,27860
5620-4507-9580-00,I,3698,205883,227242,225327,229870,233344
5621-4782-9052-34,I,5630,0,0,0,0,0
5625-0922-7547-03,I,3330,20318,25718,47234,0,48914
5625-7214-1902-79,E,1667,177147,147157,131694,133808,137480
5626-2170-0320-00,I,9618,2577,2807,3245,3310,3360
5626-2743-1560-00,I,5639,5026,8667,9886,10085,10238
5629-2952-6600-00,I,8457,57627,33921,60824,62050,62988
5633-5671-0410-00,I,7133,888,950,0,1220,1239
5634-5239-2340-00,I,3280,0,46244,62618,63880,64846
5643-3695-1356-20,W,5301,253848,0,173605,176409,179129
5659-0897-2087-79,I,2676,0,45526,51490,52528,53322
5664-2310-1690-27,E,2250,0,0,0,0,0
5672-1103-0063-68,I,3563,160,117,83,0,86
5672-7417-2992-89,E,6409,0,0,0,0,0
5672-9230-5468-94,E,3237,0,0,0,0,0
5674-0532-1812-68,E,6419,6110,5702,4878,4956,5092
5674-9668-9102-94,I,1503,5015,0,2954,3014,3059
5675-1391-2422-88,E,4660,4112,231,431,438,450
5683-3370-8033-39,E,6454,6071,13489,10781,10954,11255
5718-2664-1662-87,I,2652,49921,48225,46826,47770,48492
5720-5006-3507-06,I,3667,4909,3416,0,5082,5159
5722-0475-0176-77,I,2288,466005,502165,378711,386346,392184
5723-6588-9175-07,I,9542,4628,8082,0,0,10249
5723-8522-7750-00,I,3603,10261,11497,17749,18107,18380
5724-4473-3930-00,I,6663,0,0,0,0,0
5725-6293-5507-84,I,2676,5121,6755,5369,5477,5560
5726-5118-4964-84,I,2267,0,9329,13405,13675,13882
5729-0795-4260-69,I,7337,3312,5776,7387,7536,7650
5731-5819-2590-00,I,6476,0,0,0,0,0
5739-3887-4580-00,E,6455,16132,3717,4715,4791,4922
5743-2443-3209-51,W,8448,0,0,0,0,0
5745-6156-2300-00,E,3356,8064555,6081977,5525487,5614175,5768270
5760-2480-7211-13,I,6494,4095,0,8321,0,0
5763-3413-0749-93,I,2251,2982,372,4493,4584,4653
5767-1881-0084-70,I,7307,0,0,0,0,0
5775-7529-3507-27,E,6474,0,0,60624,61597,63288
5796-8981-0695-52,O,2126,380895,416342,349592,355239,360715
5806-7255-2388-26,T,6433,28901,36269,229392,226458,223422
5818-9196-1648-22,I,4688,39817,43378,46025,0,47662
5820-3538-5950-00,I,3654,7031,8022,8557,8730,8861
5823-1392-3296-44,I,2642,7281,0,45304,46217,46916
5823-4190-6601-99,I,2699,589385,723681,0,311914,316628
5823-8227-7996-61,I,3652,32669,33847,39057,39844,40447
5824-0571-5575-55,I,6448,43247,44474,0,45128,45810
5825-0885-8577-06,E,2252,0,12,0,0,0
5825-6174-1463-31,I,5694,57651,54136,64078,65370,66358
5826-0512-6420-67,E,1644,300477,206008,320742,325890,334835
5834-6313-3310-00,I,8207,3957,5341,3638,3711,3767
5847-3979-3210-00,W,2878,0,0,0,0,0
5849-1074-9444-29,W,2261,1461581,1509716,771318,783777,795860
5864-3136-8294-28,I,2641,0,0,0,0,0
5868-5823-2190-42,E,2544,0,0,0,0,0
5871-8809-1523-96,I,8143,4773,5314,0,0,0
5872-4369-3952-40,I,6445,13996,13378,0,8972,9108
5897-1952-9075-74,T,6487,186555,146778,1107570,1093406,1078743
5912-4875-5139-66,I,2561,13272,9409,7668,7823,7941
5919-5682-8572-50,I,1600,336424,393242,383449,391180,397091
5920-1206-2660-98,I,1544,0,3243,3214,3279,3328
5924-2902-2390-00,I,7333,0,0,0,0,0
5924-9798-4840-00,I,3613,1707,1714,2019,2060,2091
5925-8024-7510-00,I,2226,89432,88786,91505,93350,94760
5926-6140-3860-00,I,3196,0,0,0,0,0
5928-3983-2610-00,I,4697,21295,20950,0,21438,21762
5928-4525-5859-43,I,2262,13948,18862,18886,19267,19558
5931-9718-6657-00,I,8639,39988,40774,50095,51105,51877
5935-7637-4430-00,I,2238,0,18094,15486,15798,16037
5951-0703-7253-07,T,1648,18749935,17835622,20398246,0,19867335
5959-5653-2270-00,T,4601,14756244,14060866,13588106,13414334,13234445
5961-7372-8939-72,I,6449,7758,8684,9236,9422,9565
5963-0124-1278-52,I,3602,4984,5078,5952,6072,6164
5963-2809-8205-88,E,6484,0,0,22409,22769,23394
5968-7707-6688-72,I,2543,166579,195512,95989,97924,99404
5981-9567-4267-70,E,6465,18684,18441,16499,16764,17224
5989-1414-5117-78,E,2506,16250,0,0,0,0
6012-1458-3232-31,I,5227,14360,15436,20730,21148,21468
6012-4892-4508-76,I,8287,1796878,1853456,1906257,1944690,1974076
6016-2309-6416-11,I,2822,1543,13946,48353,49328,50073
6018-6002-1770-95,I,7156,124677,135798,135306,138034,140120
6019-6336-9222-61,I,5650,45138,50526,53928,55015,55847
6020-8566-7184-38,I,2203,120371,152073,146513,149467,151726
6021-0401-3423-72,I,3108,7700,4505,3840,3917,3977
6024-4372-5990-00,I,1618,12970,15287,15019,15322,15553
6027-0164-1220-00,I,2530,101256,108136,102725,104796,0
6028-4347-8696-20,I,8160,0,0,0,0,0
6028-5129-4970-00,I,2831,14679,14432,13897,14177,14391
6028-6589-9710-00,I,3391,10176,9840,12666,12921,13117
6030-1705-4793-60,I,2245,31630,34531,33536,0,34729
6030-3118-6680-00,I,2223,23264,26176,22264,22713,23056
6032-0870-6350-00,I,1680,45845,50343,51153,52184,52973
6038-9343-9800-00,E,6409,53676,24989,25526,25936,26648
6041-5778-7360-00,E,6520,0,0,0,0,0
6052-2544-5410-00,W,6479,267942,279080,315179,0,325207
6056-3558-3790-00,T,2208,0,0,0,0,0
6060-6775-9975-27,I,2581,150022,118883,220720,225170,228573
6061-8994-1740-00,T,2289,0,0,0,0,0
6076-6634-3616-70,E,6460,9760,0,9616,9770,0
6102-6885-2327-67,O,2697,0,0,4035,4100,4163
6104-9663-2778-98,T,7372,6548,0,0,0,0
6121-3239-1860-00,I,7342,7583,5145,6172,6296,6392
6124-4818-5331-07,I,2841,6803,7155,7263,7409,0
6124-7301-4390-00,I,6496,5128,6219,7706,0,7980
6125-9882-5301-77,I,1662,11833,11892,13322,13591,13796
6127-0433-8490-00,I,8262,14115,15365,15641,15956,16197
6127-1194-7350-00,I,2222,10261,9258,13248,13515,13719
6127-4418-0410-00,I,2503,61853,62630,56949,58097,58975
6128-5634-4460-00,I,2593,31944,31639,27759,28319,28747
6129-3542-0998-11,E,8629,0,0,0,0,0
6129-4371-5960-00,I,2508,7071,7633,9285,9472,9615
6129-6731-2880-00,I,2287,59315,63662,60229,61443,62372
6141-4242-1364-35,T,5296,0,176334,179400,177106,174731
6161-9246-7472-03,I,7357,0,0,0,0,0
6169-2365-1709-43,I,3531,4952,5343,5105,5208,5287
6172-4919-7957-35,I,3329,125335,0,0,0,0
6198-0842-9754-56,T,7352,355442,464112,430934,425423,0
6215-4469-0900-12,I,1618,279294,195127,293423,299339,303862
6220-2555-3940-00,I,1679,6049,2717,3579,3651,3706
6221-7272-6827-26,I,2236,614549,667486,702978,717151,727988
6223-8887-4220-00,I,4699,0,0,2697,2751,2793
6225-0198-6990-00,I,5221,64715,45409,44982,45889,46582
6225-3293-5590-00,I,8617,6027,6380,6523,6655,6755
6225-8026-7330-00,I,1536,5651,6061,5733,5849,5937
6229-5035-6278-73,E,2541,1619813,1812203,1811336,1840409,1890924
6231-6953-6510-00,I,1528,5752,6252,6362,6490,0
6232-5782-4821-93,E,7338,1508284,999553,0,1064720,1093943
6232-7891-3980-00,I,2673,12645,5918,6249,6375,6471
6242-8935-0949-60,W,3602,28991,33574,35451,36024,36579
6245-0089-0340-00,E,7182,18904,15168,12383,12582,12927
6258-7503-9762-60,I,2505,6216,6407,6601,6734,6836
6322-1692-5354-84,I,2618,4889,5043,0,6364,6460
6323-5498-0840-00,I,6425,5483,6084,6565,0,6799
6325-3410-1126-37,I,6454,13847,14449,14891,15191,15421
6326-8872-6170-00,I,4607,17722,18047,17221,17568,0
6328-8780-9087-17,I,3670,38460,39139,24178,24665,25038
6332-9482-2880-00,I,2635,0,0,0,0,0
6349-2057-4060-00,W,3341,0,0,0,0,0
6359-7154-4378-36,I,6448,0,0,0,0,0
6371-8793-6489-65,I,2537,7718,8777,0,0,0
6385-8317-9637-72,E,3257,4979,0,0,0,0
6416-1305-4679-99,I,1595,0,0,0,0,0
6416-2065-0856-17,I,2637,198,104,18,18,19
6417-5191-3257-05,I,3674,213421,0,429923,438591,445218
6422-9569-8035-03,I,2657,6845,7895,6486,6617,6717
6424-3056-3910-00,I,3642,53397,55300,55078,56188,57038
6426-2704-8138-54,I,2256,14264,14285,12821,13079,13277
6426-5398-2690-00,I,2648,0,0,0,0,0
6428-2976-3600-00,I,2596,53897,61325,0,74468,0
6430-9400-4344-03,I,2292,0,0,0,0,0
6431-1939-8130-00,I,3625,582001,547753,466591,475998,483191
6431-6709-5700-00,I,4280,0,0,0,0,0
6441-2410-7781-43,W,5629,0,806347,817285,830487,843289
6464-0196-7381-77,I,2656,0,0,0,0,0
6520-4377-3892-51,I,2668,15170,11651,12066,12309,12495
6521-2411-1280-00,I,7377,17886,0,15924,16245,0
6522-5498-5477-57,I,6428,3423,3326,2912,2971,3016
6525-0557-3880-00,I,3603,151038,158323,0,192730,195642
6528-7592-9800-00,I,3673,8003,6074,7075,7218,7327
6530-3630-5060-00,I,5363,7569,7591,6201,6326,6422
6531-1322-2020-00,I,2136,7500,5602,20010,20413,20722
6531-5063-5121-42,I,4617,0,0,8710,8886,9020
6538-1638-8821-54,W,2221,284853,315022,273727,278149,282436
6545-7988-2160-00,W,2234,40849,69826,92372,93864,95311
6546-0827-1270-00,W,6401,2444295,1029906,927747,942733,957266
6558-8450-4254-72,I,2164,4790,5338,1144,0,1185
6571-3638-5716-23,E,3231,588,69907,56051,56951,58514
6574-6038-6370-00,O,2876,1271326,1114117,882549,896805,910630
6581-1174-1942-51,E,1561,55566,33889,21781,22131,22738
6583-3229-8643-59,E,6482,8186,7343,8643,8782,9023
6595-8028-2910-67,O,2637,29838,36920,36105,36688,37254
6598-2252-3939-42,O,2867,0,0,0,0,0
6610-4527-1594-18,I,2264,330348,340219,316137,322511,327384
6622-4634-0430-37,E,2206,5202297,5602652,6751136,6859497,7047772
6627-8886-4550-00,I,3571,4055,4513,5204,5309,5389
6631-1181-9120-00,I,5316,58924,56306,60987,62217,63157
6633-1882-2877-13,I,2204,5030,4933,4914,5013,5089
6636-3262-9460-00,I,2276,0,0,0,0,0
6643-2228-3090-00,W,2236,446062,0,590642,600183,609435
6663-7210-1222-88,I,7370,0,0,0,0,0
6666-6728-7760-13,E,7345,0,0,0,0,0
6667-2947-9720-56,I,6501,0,9813,15274,15582,15817
6670-5793-6346-22,I,2602,0,0,0,0,0
6676-1982-5063-37,E,2291,54694,23114,23975,24360,25028
6681-2228-4562-60,E,7385,7025,0,0,0,0
6682-5286-2456-88,E,6463,10096,12133,10751,10924,0
6719-6680-4376-91,I,2265,60020,51892,53877,54963,55794
6719-9498-0720-00,I,2207,16623,0,19941,0,20650
6723-6076-9409-46,I,6407,0,0,0,0,0
6723-7413-8632-07,I,8427,15691,0,19135,19521,19816
6725-4082-8686-11,I,2574,11180,10426,19049,19433,19727
6725-8951-6330-00,I,6471,0,0,0,0,0
6725-9109-7730-00,I,3653,13882,0,10191,10396,10554
6726-3713-4980-00,I,7195,58969,65572,0,69760,70814
6728-7006-9730-00,I,2698,0,31391,36713,37453,38019
6730-5524-2549-31,I,6482,36958,36322,39218,40009,40613
6732-0760-9580-00,I,6429,1039373,1062136,1140726,1163725,1181310
6733-5062-3370-00,I,1686,10608,10489,10497,10709,10870
6733-5194-7590-00,I,8187,13307,0,17945,18307,18583
6734-3002-0660-00,I,9581,162044,160874,194378,198297,201293
6734-5407-2000-00,I,2570,12817,11793,14632,14927,15153
6740-9408-1550-00,W,5639,0,0,0,0,0
6742-7183-8940-00,E,6423,0,0,0,0,0
6743-0134-4760-00,E,6402,53767,47729,47573,48337,49663
6747-9190-7830-00,W,8687,0,0,0,0,0
6748-5837-0490-00,W,6464,426558,416219,0,257268,261234
6760-6474-3774-96,I,2679,47656,43650,65731,67056,68070
6761-8403-9008-35,I,2525,7782,6673,0,9612,9757
6772-3039-5845-44,I,3688,1256,234,0,234,237
6774-1199-5543-74,E,6472,1887,2932,3258,0,3401
6777-0142-4618-24,E,7325,0,0,0,0,0
6781-7762-6421-02,E,6417,93137,0,0,0,0
6818-9281-9379-19,I,2217,110995,107850,131155,0,135821
6822-2441-8093-62,I,2637,433268,395216,395081,403047,0
6823-1205-1775-50,I,6431,0,0,0,0,0
6823-4641-7247-54,I,2660,1827,0,4781,4877,4951
6826-0276-1908-32,I,2518,11120,6299,0,0,0
6827-4724-8358-29,I,1550,37753,33668,36722,37462,38028
6827-8786-6160-00,I,6639,107085,99295,122326,124792,126678
6828-2151-7047-98,I,2215,89585,108731,123968,126467,128378
6828-2785-6250-00,I,3588,33347,31070,25415,25927,26319
6829-3564-3130-00,I,4327,16064,17099,18799,19178,19468
6832-3571-2500-00,I,3308,14059,14862,15514,15827,16066
6838-2427-2920-11,W,2600,100835,113823,114808,116663,118461
6862-3444-7930-76,I,5860,4839,0,5379,5487,5570
6868-2718-2080-99,E,6415,0,0,0,0,0
6872-5958-5399-69,I,2525,8680,3878,4295,0,4448
6872-9208-7141-89,E,6463,23090,0,11214,11394,11707
6878-9903-5810-82,E,7357,127380,100777,68754,69858,71775
6902-1559-6750-54,T,6418,3676,26757,56506,55783,55035
6914-5621-2797-38,I,2614,2483,4202,5895,6014,6105
6922-0168-8841-72,I,4260,0,99929,109063,111262,112943
6922-4274-7540-00,I,3396,14024,13260,13785,14063,14275
6922-4491-0466-17,I,8682,13048,10941,16396,16727,16979
6922-9841-3976-82,I,3519,16618,17332,15939,0,16506
6924-3562-7872-91,E,3157,9862,3694371,0,7039650,7232870
6924-9198-0994-52,I,8668,30145,31026,31525,32161,32647
6926-8235-2340-00,I,2526,5831,0,0,0,0
6927-9864-6890-00,I,3695,0,0,0,0,0
6929-2152-2660-00,I,3388,76852,82715,84459,0,87464
6933-5732-3030-00,I,2658,0,0,0,0,0
6951-6788-5860-00,T,8697,4850917,4720478,0,4917485,4851540
6961-7595-6030-92,I,6455,6530,6825,7166,7310,7421
6972-5212-9528-29,I,8610,4382,7,0,0,0
6973-1744-3224-73,I,6446,9270,0,0,0,0
6981-1627-3211-75,E,6410,11064,0,0,1151,1183
7018-1826-0342-47,I,3505,4681,4634,4607,4700,4771
7020-8739-5956-44,I,6499,6443,1347,0,3329,3379
7021-2299-0554-07,I,8254,3273,16350,9323,9511,9655
7023-5578-5737-67,I,2655,30677,32471,36695,37435,38001
7023-7551-5355-81,I,2802,16037,16640,12726,12983,13179
7024-6215-4860-00,I,2588,6164,5214,5887,6006,6096
7026-1232-2730-00,I,2626,86471,80777,74325,75824,76969
7026-2879-5060-00,I,2640,0,0,1888,1926,1955
7027-4104-8060-00,I,2267,27241,0,29732,30331,30790
7028-4388-4190-00,I,3185,174133,156227,111806,114060,115784
7031-9038-6130-00,I,6410,54428,60206,49980,50988,51758
7052-2800-4780-00,W,5656,1018714,0,1360616,1382595,1403908
7052-2979-2970-00,T,6492,0,1997905,2035465,2009434,1982487
7061-7358-7986-40,I,2596,13108,12307,7784,7941,8061
7067-0464-5064-61,E,3662,0,30643,29317,29788,30605
7080-3804-2168-78,E,6429,8049,0,17723,18007,18502
7096-4853-5433-70,T,6414,0,0,241,238,235
7111-6570-0459-67,I,5645,6484,6830,7259,7405,7517
7118-3492-6200-92,I,5376,468174,442963,511481,521793,529678
7118-7749-9393-84,I,2234,9313,5258,0,0,0
7119-5158-1173-90,I,4682,64999,56200,173193,176685,179355
7120-9421-3643-46,I,5338,171254,189316,181835,185501,188304
7126-4048-9947-91,I,2814,12586,12817,13450,13721,13929
7126-4172-0260-00,I,7182,6622,7494,7133,0,7387
7128-1059-3385-31,I,1659,12040,14370,22561,23016,23364
7130-1459-5550-00,I,5607,16272,13389,18228,18596,18877
7131-9626-2994-33,I,2257,19098,21022,19943,20345,20653
7146-0948-7080-00,W,3165,161879,221821,211827,215249,218567
7157-9129-0633-70,I,1648,8532,7434,8109,8272,8397
7171-4692-8766-62,I,9583,10951,0,0,0,0
7191-1308-0783-93,W,2659,0,0,354994,0,366289
7204-7364-4453-79,O,8165,0,650,501,509,517
7216-7695-3780-84,I,7110,76002,74253,72684,70034,67238
7217-1690-5389-67,I,2671,5857,7402,2512,2563,2601
7219-4917-0440-00,I,4688,10233,0,11314,11542,11717
7222-0516-5732-14,I,8198,0,0,0,0,0
7223-9186-9096-29,I,3624,6892,6646,7226,7372,7483
7224-2617-6590-00,I,6475,0,58677,56954,58102,58980
7224-2685-8220-00,I,2292,7292,8198,8231,8397,8524
7224-8443-7470-00,I,7143,15034,14319,14806,15105,15333
7225-2493-1530-00,I,6427,187935,155222,182038,185708,188514
7229-9674-9810-00,I,2198,67268,66928,67238,68594,69630
7231-7307-2220-52,E,1567,25209019,26732756,25459813,25868463,26578485
7231-8999-1050-00,I,2614,5441,4662,3704,3779,3836
7232-2023-9531-22,E,2600,8359733,8357132,8145311,8276050,8503206
7244-2369-2226-05,W,2163,226327,0,0,244889,248664
7248-2916-0770-00,W,2876,0,0,0,0,0
7249-3214-5190-00,W,3611,44502,56047,51008,51832,52631
7250-2356-4593-07,W,2631,200787,223273,225434,229076,232607
7252-2045-5380-00,W,2806,0,0,0,0,0
7252-2718-4290-00,T,4650,35242,34629,33796,33364,32916
7260-8491-2890-27,I,1673,0,9234,15696,0,16254
7264-7831-6819-79,I,7354,0,0,0,0,0
7265-7475-1030-61,I,6486,0,10539,11382,0,11787
7268-8326-3980-22,I,9514,0,0,0,0,0
7270-1003-6421-64,I,2877,4518,5023,5145,0,5328
7272-6535-7230-30,I,3677,9522,0,0,0,0
7319-3345-2694-84,I,2862,554360,0,1392785,1420866,1442336
7319-6113-4767-89,I,2283,935968,809007,679239,692934,703404
7322-1221-8719-96,I,6404,6212,5636,6281,6408,6504
7322-2111-2378-08,I,3688,20889,22802,26247,26776,27181
7323-5940-7800-00,I,5693,7442,8685,9452,9643,9788
7324-4705-7218-24,I,2230,74446,231026,333836,340567,0
7325-6172-1498-14,I,8241,14233,12230,13510,0,13991
7326-0966-9722-63,I,3593,9309,10567,9831,10029,10181
7327-6956-4479-46,E,6415,3398165,3061251,3495453,3551558,3649039
7330-0862-7190-00,I,8287,32849,35757,39073,39861,40463
7330-1578-1510-00,I,3313,8425,4779,1757,1792,1820
7332-0002-8426-00,E,2605,332237,1814554,1608407,0,1679078
7332-9118-6560-00,I,6431,9243,9578,0,12709,12901
7335-3135-4550-00,E,2148,5884208,0,0,5635307,5789982
7346-0598-5957-41,W,2264,633286,576919,492985,500948,508671
7348-0330-1300-00,W,8668,547838,511248,395269,401654,407846
7368-4859-1757-65,I,2607,15770,9106,6016,6137,6230
7369-9892-9988-26,I,2507,18162,16369,16029,16352,16599
7376-9155-8602-79,E,6484,123832,0,45260,45986,47249
7380-3153-7553-02,E,3217,4600,4175,4512,4584,4710
7381-4377-1612-99,E,7366,10248,0,0,0,0
7382-9715-4062-45,W,2815,55561,0,123278,125269,127200
7415-3329-6635-85,I,2861,140652,112326,118485,120874,122700
7416-1364-6259-52,I,2651,0,0,0,0,0
7421-2222-5375-02,I,2273,3371,19003,23298,23768,24127
7421-5815-6905-07,I,2604,457148,510572,866306,883772,897127
7424-4351-1971-48,I,3674,9410,10560,11754,11991,12172
7424-4517-8440-00,I,2291,17044,14584,13274,13542,13746
7425-7938-8100-00,I,3250,7132,7930,8178,8343,8469
7426-6314-2980-00,I,2616,6693,6032,7712,7867,7986
7429-1027-2187-63,I,5681,9008,9575,9601,9795,9943
7432-1659-9926-75,W,6495,419247,321350,320126,325297,330312
7435-5122-6200-00,I,2694,11322,8782,8687,8862,8996
7439-5548-5050-00,E,2605,18639618,17522700,17448148,17728205,18214798
7444-3740-0186-86,W,3558,210072,239616,123391,125384,127317
7451-8440-7860-00,W,8407,299590,346844,403173,409686,416001
7466-0701-3109-12,I,2683,0,0,0,0,0
7473-5460-2821-64,E,7333,0,0,0,0,0
7495-1390-5310-67,T,8317,590178,512680,497282,490922,484339
7517-5334-9257-44,I,2659,10964,0,4358,4446,4513
7519-0557-9481-74,I,8285,1112377,1355076,1448470,1477674,1500003
7519-7546-2734-22,I,8241,1170433,1184263,1111716,1134130,1151268
7519-8880-7761-24,I,1534,3020,0,0,0,199
7522-5146-0195-98,I,3506,122802,115527,74314,75812,76958
7525-1438-4818-34,I,2282,7752,7724,7817,7975,8095
7526-3621-6350-00,I,2167,19810,18248,20464,20877,21192
7527-0803-4270-00,I,8209,87,5391,13418,13689,13895
7528-1108-8182-49,I,6471,5131,1955,0,0,8791
7529-5708-9874-66,I,6436,31614,30700,36447,37182,37744
7530-7048-4870-00,I,2626,100512,4992,11314,11542,11717
7535-9206-5085-62,W,6485,436640,490326,1094961,1112648,1129800
7547-6296-5440-00,E,7356,0,89181,87682,0,91535
7557-4938-7835-55,I,2695,6351,7074,8119,8283,8408
7561-0998-6923-03,I,6485,17281,18278,18946,19328,19620
7562-8705-5208-66,E,6436,16105,29811,25066,25468,26167
7579-7441-9912-21,E,2668,171875,109689,0,0,0
7580-1275-6777-75,E,4666,5535,5706,0,0,0
7605-7559-6750-54,T,6462,7694,385334,836493,825795,814721
7612-6033-2083-14,I,2595,27522,31802,19566,19960,20262
7618-0985-4826-49,I,3358,320348,0,345928,352903,358235
7621-3081-1145-58,I,2660,13001,15794,12237,12484,12672
7622-2967-4410-00,I,1597,8567,9394,9863,10062,0
7623-4379-8088-09,E,3669,272694,168048,248152,252135,259055
7623-4662-1100-00,I,6547,7491,8151,8616,8790,0
7623-9802-0192-39,I,2611,8230,7026,7328,7476,7589
7625-5391-3920-00,I,3658,49361,44109,27153,27700,28119
7636-0779-7390-00,I,8301,42919,31150,33105,33772,34283
7640-0185-8280-00,W,2280,0,0,0,0,0
7653-1757-9730-00,T,2131,149888,137243,0,123767,122107
7663-0088-1998-15,I,8189,4815,0,5563,5675,5761
7664-9827-4433-39,E,6462,4519,4783,4435,4506,4630
7673-0248-8808-66,E,6562,0,0,0,0,0
7698-4752-7710-67,T,2677,0,233928,485891,479677,473245
7716-1891-7853-70,I,3395,1801206,1989894,1698379,1732621,1758803
7720-1740-6841-91,I,7170,0,12745,20206,20613,20925
7720-7599-9267-53,I,1590,515933,671789,461474,470778,477892
7720-7877-0255-55,I,6407,0,580,0,0,0
7721-9985-2401-85,I,2553,499685,544602,530233,540923,549097
7722-1693-7380-00,I,6611,0,0,1883,1921,1950
7722-3390-3770-00,I,6405,41314,0,54524,55623,56464
7723-0334-0460-00,I,7326,0,0,0,0,0
7724-0483-2670-00,I,2224,6744,0,4342,4430,4496
7725-4266-9356-40,I,2610,8555,7532,0,0,7965
7725-4471-9326-12,I,2628,15894,16084,17938,18300,18576
7725-4820-2260-00,I,6470,5503,5510,2338,2385,2421
7726-3647-2810-00,I,9578,2971,6335,10919,11139,11307
7727-8316-3040-00,I,2696,4777,0,5633,0,5833
7745-2030-7090-00,W,1578,249350,0,243432,247364,251178
7749-8606-7940-00,W,3305,0,0,0,0,0
7762-9259-4487-79,I,3107,8444,7143,6680,6815,6918
7776-0276-3746-53,E,7393,0,64686,59803,60763,62431
7778-7814-0879-14,I,2236,6520,0,0,0,0
7779-0777-4199-69,E,2272,0,71,97,99,101
7780-9797-8732-62,E,6456,583,710,777,789,811
7812-8196-8303-28,I,2274,9009,7551,3472,3542,3596
7814-8104-8871-02,I,3948,0,0,0,0,0
7818-1818-1100-66,I,7399,136564,0,152791,155872,158227
7819-1352-8150-00,I,6554,18621,22389,23125,23591,23948
7819-7669-6709-10,I,3656,0,0,0,0,183065
7823-0603-4348-58,I,3288,975,0,0,0,0
7823-5098-0514-68,I,4315,10181,12842,12997,13259,13459
7823-9369-6380-00,I,3572,16113,16835,17286,17635,17901
7824-3017-5405-29,I,1501,11576,15364,19704,20101,20405
7824-7265-8590-00,I,6405,6559,10259,10122,10326,10482
7825-1155-2129-04,I,2244,17709,17811,16130,16455,16704
7825-7424-9900-00,I,6469,0,0,233,238,241
7826-2655-1970-00,I,3576,0,0,0,0,0
7828-8959-5610-00,I,6492,8171,8837,8857,9036,9172
7832-1334-0700-00,I,3501,7547,0,7664,7819,7937
7833-2425-9810-00,I,8624,27888,39530,26170,26698,27101
7835-1768-8740-00,I,6691,10583,9465,6444,6574,6673
7835-4691-7920-00,I,6418,198932,214640,280789,286450,290779
7842-3114-6800-00,W,2639,281188,0,340758,346262,351600
7844-8373-6140-00,E,6452,0,0,0,0,0
7848-1312-3160-00,W,6491,712831,756738,736372,748267,759802
7848-4660-1280-00,W,2133,184048,207796,209909,213300,216588
7858-3702-7046-68,I,2277,5724,5989,6699,6834,6937
7861-6339-0852-55,I,5349,0,0,0,0,0
7862-8313-3190-00,T,2671,18064496,18772669,18988218,18745386,18494006
7870-0900-7648-84,I,3538,4658,5318,0,0,0
7879-7166-4425-35,E,3231,80365,72588,68026,69118,71015
7897-2863-3857-19,O,1590,0,0,53204,54063,54897
7920-4353-1936-65,I,5646,38589,20524,27010,27555,27971
7923-9729-2519-04,I,3544,0,0,0,0,0
7924-0202-6270-00,I,5306,11073,11021,12233,12480,0
7924-1926-0822-32,I,3274,8411,0,5677,5791,5879
7925-8990-0793-02,I,3113,15083,14948,17816,18175,18450
7925-9105-8210-00,I,5695,12712,0,13575,0,14058
7926-3090-9680-00,I,1651,13240,11719,13500,13772,13980
7926-5315-2770-00,I,2599,13567,12508,11147,11372,11544
7928-2985-2310-00,I,5261,0,0,0,0,0
7945-8852-8570-00,W,2203,470084,326037,62526,63536,64515
7951-0450-6840-00,W,6440,162554,186920,319355,324514,329516
7965-6008-5633-39,I,3676,4665,4543,5702,5817,5905
7966-4226-3225-97,I,2240,3954,4658,0,3269,0
7967-9984-6256-57,I,6424,31550,20306,18153,18519,18799
7971-0196-7525-20,I,2607,216697,0,0,0,0
7973-3060-0234-93,I,3514,0,0,0,0,0
7974-7709-7595-06,E,6474,0,0,0,0,0
7979-3458-9027-52,E,6467,18232,19350,26328,26751,27485
7983-4134-0275-74,E,7359,4357,5844,0,0,0
8005-1559-6750-54,T,6433,959642,181675,516442,509837,503000
8015-2389-4870-43,I,2681,3824,3221,0,4145,4208
8018-2697-7976-43,I,2644,5162,3750,3711,3786,3843
8018-6922-5741-26,I,2621,0,0,0,0,0
8020-5613-7785-98,I,6434,85571,84787,94871,96784,98246
8020-8559-3460-00,I,8267,5021,10900,6259,6385,6482
8025-7676-9510-00,I,3188,14005,12898,14117,14402,14619
8029-1625-5870-00,I,2219,14891,19442,14805,15103,15332
8030-0606-8060-00,I,4306,0,0,0,0,0
8032-5701-6540-00,I,2267,4997,5396,5387,5496,5579
8047-0211-5100-00,W,2223,322477,423661,311590,316623,321504
8050-6499-0990-00,W,4284,0,0,0,0,0
8068-9385-5955-49,I,2693,0,0,0,0,0
8071-7804-8994-13,E,7365,0,0,0,0,0
8078-3652-6956-42,E,3234,47320,10172,40006,40648,41764
8088-2936-7072-65,E,6493,57757,33333,0,0,0
8095-8547-6703-56,O,1579,86701,82329,135463,137651,139773
8098-6186-8527-98,O,9547,0,38453,43563,44267,44949
8113-3092-3662-67,I,6620,362109,305667,267049,272433,276550
8113-6318-2312-98,I,2205,7183,8116,8075,8238,8362
8117-7629-6269-61,I,3631,172531,158051,180080,183711,186487
8120-1616-1981-57,I,6484,0,26210,28008,28573,29004
8125-8173-0577-83,I,2240,3479,3332,3885,3963,4023
8127-2115-8963-47,E,2867,852100,341411,532811,541363,556222
8127-2734-7565-27,E,2261,0,0,0,0,0
8127-7319-0773-81,I,2187,5550,5942,6491,6622,6722
8128-2232-3090-00,I,6445,30026,25598,21010,21434,21757
8128-5871-5209-32,I,6590,5390,2837,3695,3769,3826
8129-9259-9850-00,I,2299,7744,0,6707,6842,6946
8131-9512-1571-38,I,2127,0,0,2459,2509,2546
8132-3301-4750-00,I,3501,5604,10539,11888,12128,12311
8135-4141-4010-00,I,3213,4563,3128,3303,3370,3421
8136-2227-3660-00,I,8260,24127,22847,21825,22265,22601
8147-1533-7000-00,E,7347,41312,27554,23147,23519,24164
8153-2070-2410-00,W,2229,0,0,0,0,0
8156-1919-0558-27,I,2593,5664,7119,8370,8539,8668
8163-5617-4501-39,I,2813,4937,4501,4677,4771,4843
8164-6180-5235-24,I,3683,64739,33014,58266,59441,60339
8166-4195-3157-34,I,1668,0,0,1820,1857,1885
8170-7069-1976-51,I,3669,4399,0,0,0,0
8173-1785-8829-06,E,3336,0,0,0,0,0
8217-1105-5526-07,I,3360,809415,0,902127,920315,934222
8217-3624-7878-44,I,2200,21527,30335,14714,15011,15237
8220-5305-8910-41,I,2187,22261,23834,0,14615,14836
8221-2332-9292-27,I,5687,21917,21997,24833,25334,25716
8221-8818-7755-71,E,5653,0,0,1104161,1121884,1152676
8224-6738-5070-97,E,2278,8618543,7580969,8345187,8479134,8711864
8225-1881-4760-00,I,8297,33550,38821,44220,0,45793
8226-4699-9747-37,I,3526,24528,60954,64371,0,66661
8228-0455-2381-66,E,2212,0,0,0,0,0
8228-3884-2842-30,I,8426,14950,16730,18100,18465,18744
8228-4091-9470-00,I,7308,4486,4531,5086,5189,5267
8229-2134-1023-82,I,8191,0,0,0,0,0
8229-8352-7087-37,I,2634,11717,12837,13553,13826,14035
8229-9089-0220-00,I,9583,3719,4611,0,4553,4622
8233-0127-5510-00,I,2578,14299,15538,18793,19172,0
8244-5409-1460-00,W,6456,11404,16372,16088,16348,16600
8245-4862-5082-03,W,3108,247039,250228,285446,290057,294528
8247-6233-2520-00,W,5647,300102,235583,258755,262935,266988
8258-1033-9234-62,I,5636,0,0,0,0,0
8268-5947-2608-35,I,5348,4447,5975,6814,6951,7056
8276-1950-7739-11,E,6447,0,0,0,0,0
8289-9926-1393-51,E,6428,7319,0,0,0,0
8301-9842-9754-56,T,7335,402915,1260652,34581,34139,33681
8319-4205-6005-92,I,8212,13137,12509,13826,0,14318
8322-8839-6436-29,I,2652,33903,39390,45044,45952,46647
8323-8832-3849-53,I,7313,5125,5787,0,9865,10014
8324-0848-8930-00,I,2868,5589,5818,5853,5971,6061
8327-1257-0120-00,I,2202,2645,2846,3292,0,0
8327-4737-2100-00,I,7388,14622,0,11676,11911,0
8327-6509-9640-00,I,3521,4304,5906,6260,6386,6483
8328-2420-0470-00,I,2660,351,414,3722,3797,3854
8330-5254-0390-00,I,3352,0,0,0,0,0
8331-5842-9710-00,I,7126,98386,110755,103720,105811,107410
8331-7944-5307-30,I,9563,3588,5080,5001,5102,5179
8333-5523-8020-00,I,2249,1372544,1456509,1996201,2036448,2067220
8340-3075-4293-57,W,2298,0,0,0,0,0
8344-9558-3712-15,T,6444,1953267,1929255,2558242,2525526,2491658
8352-2739-1800-00,T,2827,3192228,3258451,3216981,3175840,3133252
8366-4156-5428-13,E,3223,0,0,0,0,0
8370-7554-0426-59,I,1581,4719,4831,0,0,0
8372-4718-4650-00,O,3243,0,0,146605,148973,151270
8373-6124-8390-73,E,3604,0,0,0,0,0
8384-1363-0659-66,E,5602,9141,0,0,0,0
8401-8559-6750-54,T,6489,7,0,0,0,0
8402-4495-5420-10,T,9540,1981,124196,456806,450964,444917
8417-3254-6572-69,I,3523,1361304,1316793,1147713,1170853,1188545
8421-9875-5420-00,I,1658,41407,40812,42734,43596,44254
8422-0333-0670-00,I,8190,0,0,0,0,0
8422-7678-4411-74,I,6440,0,0,6779,6916,7020
8423-8456-3267-14,I,3537,26544,41293,34728,35428,0
8425-3491-1830-00,I,3694,0,0,0,0,0
8425-8426-3840-41,I,2589,0,0,0,0,0
8425-8918-0590-00,I,3268,0,0,0,0,0
8426-4917-0800-00,I,2667,9693,0,13050,13313,13514
8426-5135-4430-00,I,2507,10949,12896,20777,21196,21516
8426-9166-0560-00,I,3185,8211,8913,10564,10777,10940
8429-1825-1930-00,I,4272,99246,105216,113542,0,117582
8429-4326-7590-98,I,3367,0,0,3530,3601,3656
8429-5236-2370-00,I,3678,130932,155812,186420,190179,193052
8430-7277-7630-00,I,2633,105158,81170,62688,63952,64918
8431-1404-2150-00,I,2209,15648,14048,15326,15635,15871
8432-7620-7948-10,I,5311,8995,0,10146,10351,10507
8432-9173-0170-00,I,6689,4056,5003,6983,7124,7231
8449-4927-9570-00,W,6624,279009,324644,350222,355879,361365
8463-0797-8589-18,I,2512,10867,9768,12425,12676,12867
8464-0928-9268-63,I,3564,0,0,0,0,0
8479-1058-6153-94,E,7332,6150,6887,10243,10407,10693
8479-8973-3465-23,E,3223,10036,418,5190,5273,5418
8480-6243-9596-91,E,6469,28322,35891,25148,25552,26253
8519-7919-0260-00,I,4334,18894,15314,17096,0,17704
8525-8519-4158-14,I,5663,6905,5912,6867,7005,7111
8527-4367-6680-00,I,6428,39179,33078,39160,39950,40553
8527-9816-3560-13,E,6457,1114256,611038,0,941847,967698
8529-8498-9707-98,I,3684,29558,28908,31123,31750,32230
8530-4664-1160-00,I,1531,0,0,0,0,0
8531-9031-7000-00,I,3328,4941,4814,5127,5230,5309
8538-9671-0530-00,E,7323,0,0,0,0,0
8540-0653-2150-00,W,2234,141919,165368,176675,179529,182296
8569-2604-7629-06,I,6409,0,0,0,0,0
8600-4730-2271-41,T,6492,468929,0,0,0,0
8614-3902-1291-10,I,4635,20234,20513,20786,21205,21526
8614-7217-9408-49,I,6506,7062,7523,7053,7195,7304
8615-4906-9682-27,I,3162,287854,305694,279222,284852,289156
8623-7751-0279-31,I,2849,0,0,1091,1113,1130
8624-5529-7240-00,I,3693,5663,5096,2512,2563,0
8625-4125-3321-18,I,2674,10118,9011,9678,9873,10022
8626-9432-7966-34,E,7352,513328,297632,289549,0,302271
8626-9822-2080-00,I,2283,369793,365541,0,391342,0
8627-4755-0120-00,I,2541,331846,341192,350248,357310,0
8628-4381-5060-00,I,2178,5775,11770,6636,6770,6872
8628-5474-3720-00,I,6411,0,0,0,0,0
8630-3622-6260-00,I,2500,2812,3382,0,3357,3408
8630-8611-7490-00,I,6490,21549,24295,23170,23637,23994
8631-3070-2290-00,I,2623,5975,5925,6156,6280,6375
8648-5036-6550-00,W,2262,0,0,0,0,0
8651-3401-2660-00,W,5693,265802,0,237189,241020,244736
8671-2647-7744-67,I,3699,6,0,0,0,0
8681-5500-4775-27,E,6495,26346,11867,18729,19030,19552
8712-9804-9237-26,I,3642,37616,21984,22404,22856,23201
8716-7626-5418-97,I,3364,7404,7282,7531,7683,7799
8719-3421-1218-82,I,2295,0,113974,113077,115357,117100
8720-8962-3756-10,I,2615,43104,47544,49490,50488,51251
8724-1322-1900-00,I,6423,0,0,0,0,0
8725-1967-8802-33,E,5695,0,0,0,0,0
8725-2015-8920-00,I,2190,66579,71206,84674,0,0
8725-5370-3111-52,I,6514,1804,773,3264,3330,3380
8726-6296-5080-00,I,9639,9934,11429,12336,12585,12775
8729-8776-7780-00,I,2541,5749,0,5344,5452,5534
8733-0982-3060-00,I,1626,0,4289,0,4789,4861
8735-5338-0100-00,E,3654,202,0,0,0,0
8761-2254-5132-62,I,5305,10995,11851,12277,12525,12714
8814-6984-1516-37,I,3398,266846,834413,682017,695768,0
8820-0772-5614-94,I,2235,20198,23259,25407,25919,26311
8822-5814-2920-00,I,2235,4754,5876,5929,6049,6140
8822-5857-6690-86,I,2680,6880,8134,8820,8998,9134
8822-6388-4070-00,I,2252,7104,7743,7960,8120,0
8822-6422-0298-52,E,3122,234704,0,176575,0,184333
8823-1517-6617-61,I,3350,15162,15218,15696,16012,16254
8824-4086-8616-45,E,4696,0,0,0,0,0
8826-8572-1930-00,I,2137,16236,19989,23389,23861,24221
8827-4449-0680-38,E,2559,7672750,10587583,16794522,17064088,17532452
8827-8750-7854-67,I,6472,26338,19945,17860,18220,18495
8828-8966-4980-00,I,5652,0,1386,1455,1484,1507
8831-0056-2534-66,I,6422,14772,0,0,13235,13435
8837-8148-3260-00,I,9529,0,21698,32688,33347,33851
8840-4761-1292-07,W,6463,303439,342637,331995,0,342558
8846-0130-5942-76,W,5675,453841,425261,355946,0,367271
8856-9508-9117-78,I,8167,6612,8729,7458,0,7723
8865-5000-8116-23,I,3251,7122,9361,0,10971,11137
8865-8299-6154-56,I,8411,14313,11038,12038,12281,12466
8873-4480-7354-56,E,6480,0,17642,0,9444,9703
8881-8986-7449-77,E,6492,76877,0,0,0,0
8888-6853-5290-27,W,2885,142273,150845,132406,134545,136619
8889-4341-2189-18,E,6457,61823,0,0,0,0
8915-3397-1687-61,I,2564,176349,96953,107005,109162,110812
8920-2008-7702-65,I,6478,0,0,0,0,0
8921-5881-4880-00,I,1630,7258,8470,0,8741,0
8921-8469-4170-00,I,6640,12558,0,5460,5570,5654
8922-9916-0650-00,I,3318,58211,60980,62386,63644,64606
8925-1859-0000-97,I,2175,16315,18147,17183,17529,17794
8927-5049-4900-00,I,3628,5102,0,7970,8131,8254
8927-5704-1483-49,I,8679,13920,0,17122,17467,0
8927-8041-5620-00,I,2167,96278,89943,68637,0,71079
8927-9661-1430-00,I,5531,0,0,0,0,0
8928-5471-3990-00,I,8298,0,10836,11230,11456,11630
8929-2218-1214-27,I,3638,6035,5875,6553,6685,0
8931-3452-6420-00,I,9513,6951,6958,7619,7773,7890
8933-0472-4140-00,I,2207,46305,58937,62852,64119,65088
8933-2833-0970-00,I,3602,15100,0,16485,0,17071
8940-8024-7870-00,E,6454,3459,3967,3320,3373,3466
8942-5609-7790-00,E,7364,0,564,5994,6090,6257
8946-0338-0220-00,W,8361,0,0,0,0,0
8946-4416-0590-00,W,6560,22281,17626,18837,19141,19436
8964-3211-5160-44,I,6405,0,0,2650,2703,2744
8968-8669-6071-72,I,7178,5546,7495,5618,5731,5818
8971-6646-3233-39,E,6444,0,96187,54616,55493,0
8972-8190-4089-03,I,3603,8974,0,0,0,0
8975-2909-1991-35,E,2223,0,0,0,0,0
9019-4347-0235-36,I,6616,268389,319043,400695,408774,414951
9021-0134-3448-46,I,1602,6072,7539,7787,7944,8064
9029-3886-4190-00,I,2663,0,21627,25891,26413,26812
9030-0512-9010-00,E,2215,0,0,0,0,0
9030-3768-8380-00,I,2129,34626,28431,29760,30360,30819
9031-4264-5160-81,I,3657,11495,9445,9999,10201,10355
9036-9685-8580-00,E,9569,492653,341196,347139,352711,362392
9043-0599-8690-00,W,2555,46624,68205,56819,57737,0
9067-5587-8370-33,E,6491,7006,0,11499,11684,12004
9069-5999-4178-67,I,2182,3533,5320,5718,5833,5921
9071-5226-3512-83,I,7378,5300,0,0,0,0
9078-0671-7264-92,E,3298,104556,47193,8372,8506,8740
9087-8269-3341-58,E,6422,179151,21869,0,0,0
9118-7844-7252-10,I,2280,9550,10961,10702,10918,11083
9119-4290-7081-84,I,6439,11281,10948,12139,12384,12571
9124-2105-7850-00,I,7335,0,0,0,0,0
9126-0035-6520-00,I,6447,22970,9009,7386,7535,7649
9127-1480-3060-00,I,1565,10198,12207,15249,15556,15792
9130-6489-2130-00,I,2261,6109,9244,9004,9186,9324
9132-1071-1960-00,E,2597,0,0,0,0,0
9132-7969-4590-00,I,3281,8483,12695,11751,11988,12169
9138-7249-0600-00,W,8607,94173,137472,135039,137220,139336
9163-9931-0461-83,I,2236,2624,2827,2519,2570,2609
9168-5668-1703-87,E,6434,4045,3655,2930,2977,0
9177-7962-7786-09,E,6463,317,2253,4142,4208,4324
9182-3208-7285-32,E,6466,19032,15296,0,0,0
9211-5173-3002-47,I,3247,5060,0,0,2412,0
9225-3106-8000-00,I,6483,54918,58703,53016,54085,54902
9225-4561-6368-57,I,3641,6987,0,7563,7715,7832
9227-1747-1320-00,I,4634,0,2929,6437,6567,6666
9227-3157-1730-00,I,3635,557,0,4994,5095,5172
9227-3433-8850-00,I,2850,17457,20745,16589,16923,17179
9228-7933-8790-00,I,9666,5695,7509,8183,8348,8474
9229-0629-5030-00,I,2262,17808,18322,0,21837,22167
9230-7331-5982-15,I,2608,4706,5005,5203,5308,5388
9231-3553-4360-00,I,2249,0,0,0,0,0
9234-2936-8520-00,I,6409,53999,55929,54059,55149,0
9234-6005-0270-00,I,8450,11062,11177,0,11564,11738
9238-2467-4590-00,E,2641,1421424,3964315,3474876,3530651,3627558
9243-4068-2350-00,W,5376,628831,726120,943274,958511,973287
9244-6014-9250-00,E,6437,0,0,0,0,0
9254-5926-8075-43,I,9536,0,0,0,0,0
9264-8723-1579-60,I,6431,0,0,0,0,0
9265-6236-1936-32,I,9535,0,0,0,0,0
9266-2265-0955-18,I,2686,0,0,0,0,0
9276-6560-3862-75,I,2527,6212,7255,0,0,0
9282-0504-0049-46,E,6410,10605,12520,5958,6054,6220
9283-6103-7175-89,E,6405,199,4368,0,0,0
9287-0537-8136-63,W,5691,108164,120910,144430,146763,149025
9297-9255-2388-26,T,6403,2408,0,19344,19097,18841
9311-2099-6249-43,I,3578,10336,8651,23729,24207,24573
9319-6687-0308-61,I,7393,406357,218862,360366,367632,0
9322-0007-0162-12,I,6530,4420,4312,3908,3987,4047
9327-1639-7282-37,I,2123,8271,7720,8752,8928,9063
9327-4114-9883-78,I,2532,933356,879213,921125,939696,953896
9328-0654-2420-00,I,8644,6980,8160,8710,8886,9020
9328-1058-6730-25,I,3213,6353,7049,6733,6869,6973
9328-7137-4130-00,I,3321,53730,56086,57221,58375,59257
9328-7602-8420-00,I,6430,29996,30386,33461,34136,34651
9332-1641-0592-48,E,2690,0,0,0,0,0
9332-7980-3240-00,I,6425,1090692,1155776,788526,804424,816580
9332-9979-3330-00,I,8609,0,0,0,0,0
9339-4022-8170-00,E,6437,0,0,0,0,0
9344-1710-5730-00,E,6450,8712,9227,8648,8787,9028
9347-8276-7840-00,E,2644,41,0,5820,0,6076
9350-1618-6380-00,W,5696,486245,503229,539551,548267,556718
9350-4179-9180-00,W,2224,5520,11944,9784,9942,10095
9355-1783-0380-22,I,3666,7110,8468,9241,9427,9570
9369-9433-8730-00,O,1574,0,0,0,0,0
9380-5910-6359-20,E,6400,25026,0,0,0,0
9382-8480-7497-99,E,6475,66264,62825,65215,66262,68080
9413-1730-5829-15,I,2615,4298,4387,4645,4739,4810
9422-9592-0025-71,I,4603,11223,9743,9410,9600,9745
9424-3457-8383-03,I,2690,0,0,0,0,0
9424-4297-9668-59,I,2240,0,0,0,0,0
9428-2374-5930-00,I,2289,9714,0,0,12003,12185
9431-3706-6090-00,I,2802,67421,30273,38675,39455,40051
9431-5974-3900-00,I,6490,70493,61665,66159,67493,68513
9438-7937-8190-00,E,3608,9915444,10822665,11680737,11868222,12193974
9442-2261-9159-45,W,2295,0,0,0,8,0
9462-0639-2828-44,I,2642,5846,5466,4175,0,4324
9462-5291-1525-20,I,2274,0,14964,16297,16626,16877
9463-7322-1737-25,I,4644,3419,4820,0,4510,4578
9468-4582-9302-01,I,3550,5048,5215,5490,5601,5685
9471-6020-5536-94,I,3651,0,0,0,0,0
9474-1588-5769-40,I,3695,6223,0,0,0,0
9516-3021-5335-63,I,3670,100219,98656,175316,178851,181553
9523-0906-0602-57,I,6508,4435,5109,5472,5582,5667
9525-5981-3030-00,I,2259,24940,26893,21737,22175,22510
9525-7549-3584-87,E,3532,6622431,8405550,8737905,8878155,9121838
9530-7568-8955-33,I,1591,15847,16458,16133,16458,16707
9531-1819-2350-00,I,3695,17437,19494,21671,22108,22442
9531-3495-8857-34,I,6546,0,0,0,0,0
9533-4267-8770-00,I,6677,90741,84139,83530,85214,86502
9538-0981-3270-00,E,6401,14692,6031,4441,4512,4636
9541-5112-9918-61,E,8355,5353046,3818592,4232573,4300509,0
9544-8934-8700-00,E,6629,2908678,28007358,29013945,29479642,30288782
9546-5597-8990-00,W,2243,0,0,0,0,0
9547-3469-4410-00,W,2602,0,0,0,0,0
9562-4076-2238-02,I,2534,12779,10655,3109,3172,3220
9564-9547-5260-00,T,2248,6705812,4756409,4381089,4325061,4267061
9569-3001-5228-44,I,9507,0,0,0,0,0
9572-7368-6983-62,I,6424,4818,0,6109,6232,6326
9580-7156-5715-00,E,6463,77548,28494,158759,161307,0
9601-0673-1345-91,T,6490,0,0,37395,36917,36422
9616-3342-8499-25,I,6448,3437,0,3409,3478,3530
9618-6407-1640-00,I,2669,6813,10078,11637,11872,12051
9619-5619-5256-85,I,3658,10836,9185,0,7871,7989
9622-1518-9927-73,I,2604,5635,5447,5642,5756,5843
9622-8258-8308-81,I,2262,1701801,1569552,1601548,1633838,0
9625-2607-7850-00,I,1584,0,6361,7362,7510,7624
9626-1182-8670-00,I,6537,17664,38690,63568,64850,65830
9627-3387-9135-68,I,2528,67374,0,73860,75349,76488
9627-5660-8387-59,I,6402,40751,40067,50430,51447,52224
9627-8017-8740-00,I,3647,520906,0,556401,567619,576196
9630-4546-0309-58,I,2211,4734,6177,6429,6559,6658
9632-0846-9350-00,I,6462,6126,6825,7520,7672,7788
9632-2149-3050-00,I,3663,4224,3951,4622,4715,4786
9633-1300-1439-54,I,1660,676,5816,5806,5923,6013
9639-8029-7420-00,E,7322,7229,6205,6699,6807,6993
9660-4809-8349-31,I,2587,0,0,0,0,0
9686-0507-5036-79,W,2680,124848,116817,128719,130798,132815
9702-3264-3699-54,O,9581,301684,188665,360598,366423,372071
9713-8008-3472-23,I,3664,27140,0,21545,21979,22312
9718-4929-8328-01,I,2160,22630,0,23108,23574,23930
9718-5624-3648-02,I,8221,21436,26683,26720,27259,27671
9720-9536-6130-00,I,2599,0,0,0,0,0
9721-0097-6284-26,I,3194,21283,0,0,8454,8582
9726-8951-6690-00,I,2275,183969,218985,208933,213145,216366
9727-8037-6460-00,I,5299,6980,7254,5005,5106,5183
9732-1617-6830-00,I,3695,40507,36526,18506,18879,19164
9738-8889-4040-00,E,6480,0,0,0,0,0
9741-6087-9950-00,W,2111,1599276,2216709,0,1784407,1811915
9761-8265-0668-32,E,2222,0,0,0,0,0
9762-9255-2101-39,I,2278,0,0,0,0,0
9767-1594-8918-70,I,1648,0,0,0,0,0
9770-8362-3547-45,I,2131,7398,0,6825,6963,7068
9771-0275-6634-32,I,9559,0,0,0,0,0
9778-2699-9171-56,E,7399,7472,7312,7535,7656,7866
9781-6312-3026-90,W,2291,91533,106976,0,0,0
9825-3470-1785-60,I,1564,9343,7384,0,10574,10734
9826-4637-7317-20,I,4308,34063,39489,41178,42008,42643
9826-6890-4070-00,I,2183,11435,12508,13670,13946,14156
9827-2339-5223-97,I,6463,6469,6943,7148,7292,7402
9827-3753-0540-00,I,6582,9852,8537,8242,8408,8535
9830-6061-7580-89,I,1566,214222,246778,0,181984,184734
9834-9754-0450-00,I,8495,9234,10034,9133,9317,9458
9864-5993-0742-51,I,7122,8847,12294,7326,7474,7587
9867-7167-1394-13,I,3219,0,0,0,0,0
9868-4444-0675-12,E,3242,0,0,236,240,246
9881-4151-6503-25,E,7332,5576,0,0,0,0
9892-2543-4460-59,T,3201,4234,0,0,0,0
9904-3495-5420-10,T,9598,47995,116860,0,73534,72548
9915-9606-0968-81,I,2610,37185,24462,36809,37551,38119
9923-0500-0540-00,I,2116,16904,0,17178,17524,17789
9923-9600-5922-58,I,5637,0,0,0,0,0
9924-0242-1470-00,I,8352,0,0,0,0,0
9925-1189-9946-93,I,2226,942428,0,1063685,1085131,1101528
9925-5212-5130-00,I,8454,8808,10275,10552,10765,10927
9926-8556-3730-00,I,2271,9203,13596,12812,13070,13268
9931-7530-8481-01,I,8407,2937,0,6665,6799,6902
9964-2642-0990-42,E,6492,0,0,43,44,45
9966-4410-9556-73,E,3244,0,0,0,0,0
9974-9980-3726-74,E,6449,0,0,266,270,278
10001-9401-7958-58,O,9503,18068,25043,17160,0,17706
10005-9415-1943-12,O,2644,7904,8865,0,8230,0
